Date,Open,High,Low,Close,Volume,Dividends,Stock Splits
2016-04-14,423.93,425.37,423.01,424.28,45281000,0,0
2016-04-15,424.43,429.93,424.43,429.71,54801500,0,0
2016-04-16,429.58,432.62,428.98,430.57,39392800,0,0
2016-04-17,430.64,431.37,426.08,427.4,52125900,0,0
2016-04-18,427.61,429.27,427.09,428.59,55670900,0,0
2016-04-19,428.7,436.02,428.1,435.51,52810500,0,0
2016-04-20,435.32,443.05,434.41,441.39,72890096,0,0
2016-04-21,441.42,450.55,440.95,449.42,68204704,0,0
2016-04-23,445.86,450.28,444.33,450.28,50485400,0,0
2016-04-24,450.56,460.15,448.93,458.55,68198400,0,0
2016-04-25,459.12,466.62,453.59,461.43,87091800,0,0
2016-04-28,445.04,449.55,436.65,449.01,74064704,0,0
2016-04-29,449.41,455.38,446.02,455.1,49258500,0,0
2016-04-30,455.18,455.59,447.7,448.32,69322600,0,0
2016-05-01,448.48,452.48,447.93,451.88,40660100,0,0
2016-05-02,451.93,452.45,441.78,444.67,92127000,0,0
2016-05-03,444.73,451.1,442.62,450.3,59366400,0,0
2016-05-04,450.18,450.38,445.63,446.72,50407300,0,0
2016-05-05,446.71,448.51,445.88,447.98,50440800,0,0
2016-05-06,447.94,461.38,447.07,459.6,72796800,0,0
2016-05-07,459.64,460.67,457.32,458.54,38364500,0,0
2016-05-08,458.43,459.42,455.98,458.55,40315000,0,0
2016-05-09,458.21,462.48,456.53,460.48,55493100,0,0
2016-05-10,460.52,461.93,448.95,450.89,58956100,0,0
2016-05-11,450.86,454.58,450.86,452.73,50605200,0,0
2016-05-12,452.45,454.95,449.25,454.77,59849300,0,0
2016-05-13,454.85,457.05,453.45,455.67,60845000,0,0
2016-05-14,455.82,456.84,454.79,455.67,37209000,0,0
2016-05-15,455.76,458.69,455.46,457.57,28514000,0,0
2016-05-16,457.59,458.2,452.95,454.16,59171500,0,0
2016-05-17,454.01,455.07,453.61,453.78,64100300,0,0
2016-05-18,453.69,456.0,453.3,454.62,86850096,0,0
2016-05-19,454.52,454.63,438.71,438.71,96027400,0,0
2016-05-20,437.79,444.05,437.39,442.68,81987904,0,0
2016-05-21,442.97,443.78,441.71,443.19,42762300,0,0
2016-05-22,443.22,443.43,439.04,439.32,39657600,0,0
2016-05-23,439.35,444.35,438.82,444.15,50582500,0,0
2016-05-27,453.52,478.15,453.52,473.46,164780992,0,0
2016-05-28,473.03,533.47,472.7,530.04,181199008,0,0
2016-05-29,527.48,553.96,512.18,526.23,148736992,0,0
2016-05-30,528.47,544.35,522.96,533.86,87958704,0,0
2016-06-01,531.11,543.08,525.64,536.92,86061800,0,0
2016-06-02,536.52,540.35,533.08,537.97,60378200,0,0
2016-06-03,537.68,574.64,536.92,569.19,122020000,0,0
2016-06-04,569.71,590.13,564.24,572.73,94925296,0,0
2016-06-06,574.6,586.47,574.6,585.54,72138896,0,0
2016-06-07,585.45,590.26,567.51,576.6,107770000,0,0
2016-06-08,577.17,582.84,573.13,581.65,80265800,0,0
2016-06-09,582.2,582.2,570.95,574.63,71301000,0,0
2016-06-10,575.84,579.13,573.33,577.47,66991900,0,0
2016-06-11,578.67,607.12,578.67,606.73,82357000,0,0
2016-06-12,609.68,684.84,607.04,672.78,277084992,0,0
2016-06-13,671.65,716.0,664.49,704.38,243295008,0,0
2016-06-14,704.5,704.5,662.8,685.56,186694000,0,0
2016-06-15,685.68,696.3,672.56,694.47,99223800,0,0
2016-06-16,696.52,773.72,696.52,766.31,271633984,0,0
2016-06-17,768.49,775.36,716.56,748.91,363320992,0,0
2016-06-18,748.76,777.99,733.93,756.23,252718000,0,0
2016-06-20,763.93,764.08,732.73,737.23,174511008,0,0
2016-06-21,735.88,735.88,639.07,666.65,309944000,0,0
2016-06-22,665.91,678.67,587.48,596.12,266392992,0,0
2016-06-23,597.44,629.33,558.14,623.98,253462000,0,0
2016-06-24,625.58,681.73,625.27,665.3,224316992,0,0
2016-06-25,665.28,691.73,646.56,665.12,126656000,0,0
2016-06-26,665.93,665.98,616.93,629.37,109225000,0,0
2016-06-27,629.35,655.28,620.52,655.28,122134000,0,0
2016-06-29,644.12,644.68,628.28,639.89,142456000,0,0
2016-06-30,640.59,675.4,636.61,673.34,138980000,0,0
2016-07-01,672.52,686.15,669.59,676.3,134431008,0,0
2016-07-02,676.73,703.7,676.4,703.7,112354000,0,0
2016-07-04,658.8,683.66,650.51,683.66,92008400,0,0
2016-07-05,683.21,683.49,665.07,670.63,130476000,0,0
2016-07-06,670.42,681.9,670.42,677.33,134960992,0,0
2016-07-07,678.09,682.43,611.83,640.56,258091008,0,0
2016-07-08,640.69,666.71,636.47,666.52,141970000,0,0
2016-07-10,650.6,652.29,641.26,649.36,102532000,0,0
2016-07-11,648.48,659.63,644.98,647.66,107910000,0,0
2016-07-12,648.28,675.26,646.78,664.55,138172992,0,0
2016-07-13,664.8,668.7,654.47,654.47,131449000,0,0
2016-07-14,652.92,662.9,652.92,658.08,98511400,0,0
2016-07-15,659.17,667.08,659.04,663.26,81673104,0,0
2016-07-16,663.78,666.46,659.33,660.77,50330200,0,0
2016-07-18,679.81,681.55,668.62,673.11,69465000,0,0
2016-07-19,672.74,673.28,667.63,672.86,61203300,0,0
2016-07-21,665.23,666.22,660.41,665.01,60491800,0,0
2016-07-23,650.73,656.37,648.52,655.56,69532200,0,0
2016-07-24,655.41,663.11,652.79,661.28,118184000,0,0
2016-07-25,661.26,661.83,653.4,654.1,78176496,0,0
2016-07-26,654.23,656.22,645.88,651.78,225135008,0,0
2016-07-27,651.63,657.46,648.45,654.35,147460992,0,0
2016-07-29,655.11,657.8,654.79,656.99,60703500,0,0
2016-07-30,657.01,658.22,654.21,655.05,38456100,0,0
2016-07-31,655.1,655.28,624.36,624.68,110818000,0,0
2016-08-01,624.6,626.12,605.88,606.27,121887000,0,0
2016-08-02,606.4,612.85,531.33,547.47,330932992,0,0
2016-08-03,548.66,573.36,541.55,566.35,207982000,0,0
2016-08-04,566.33,579.5,565.78,578.29,125292000,0,0
2016-08-05,578.28,578.28,569.98,575.04,66127900,0,0
2016-08-06,575.03,588.4,569.47,587.78,80797296,0,0
2016-08-07,587.77,597.51,586.82,592.69,82398400,0,0
2016-08-08,592.74,592.99,588.05,591.05,61194100,0,0
2016-08-09,591.04,591.09,584.79,587.8,92228096,0,0
2016-08-10,587.65,599.98,586.37,592.1,102905000,0,0
2016-08-11,592.12,597.54,589.12,589.12,74514400,0,0
2016-08-12,588.8,589.91,583.81,587.56,69218000,0,0
2016-08-13,587.36,589.77,584.98,585.59,43563000,0,0
2016-08-14,585.59,585.67,564.78,570.47,60851100,0,0
2016-08-15,570.49,573.58,563.24,567.24,57262300,0,0
2016-08-16,567.24,581.74,566.72,577.44,58405200,0,0
2016-08-17,577.76,580.89,571.43,573.22,54443000,0,0
2016-08-18,573.71,577.79,573.43,574.32,59896600,0,0
2016-08-19,574.34,578.24,574.18,575.63,50631600,0,0
2016-08-20,576.08,582.82,575.46,581.7,45301400,0,0
2016-08-21,581.94,584.16,580.22,581.31,38299400,0,0
2016-08-22,581.31,588.45,580.59,586.75,72844000,0,0
2016-08-23,586.77,589.47,581.63,583.41,85349200,0,0
2016-08-26,577.75,580.62,576.86,579.65,48856800,0,0
2016-08-27,579.45,579.84,568.63,569.95,59698300,0,0
2016-08-28,569.83,574.04,569.74,573.91,86301600,0,0
2016-08-29,574.07,576.28,573.47,574.11,110398000,0,0
2016-08-30,574.11,578.36,574.11,577.5,70342400,0,0
2016-08-31,577.59,577.86,573.64,575.47,75840896,0,0
2016-09-01,575.55,576.31,571.81,572.3,76923400,0,0
2016-09-02,572.41,575.64,570.81,575.54,79910800,0,0
2016-09-03,575.55,599.5,574.06,598.21,159014000,0,0
2016-09-05,608.99,609.05,602.24,606.59,82446800,0,0
2016-09-06,606.51,610.83,605.09,610.44,78529104,0,0
2016-09-08,614.64,628.77,613.84,626.32,86713000,0,0
2016-09-09,626.35,626.83,620.26,622.86,64550200,0,0
2016-09-10,622.93,625.09,622.4,623.51,45016800,0,0
2016-09-11,623.42,628.82,600.51,606.72,73610800,0,0
2016-09-12,607.01,608.46,605.41,608.24,72812304,0,0
2016-09-13,608.03,611.19,606.92,609.24,86920600,0,0
2016-09-14,608.84,611.95,608.41,610.68,47877700,0,0
2016-09-15,610.59,611.09,607.16,607.16,59464600,0,0
2016-09-16,607.25,609.26,606.73,606.97,64963400,0,0
2016-09-17,607.22,607.86,605.19,605.98,37140300,0,0
2016-09-18,606.28,610.16,605.86,609.87,48679400,0,0
2016-09-19,609.87,610.93,608.27,609.23,54796400,0,0
2016-09-20,609.25,609.53,607.94,608.31,72710896,0,0
2016-09-21,603.59,603.59,595.88,597.15,82776200,0,0
2016-09-22,597.28,598.49,596.21,596.3,67085300,0,0
2016-09-23,596.2,603.21,595.79,602.84,51067000,0,0
2016-09-24,602.96,604.58,602.04,602.62,35359500,0,0
2016-09-25,602.75,603.38,599.71,600.83,33977800,0,0
2016-09-26,600.81,608.14,600.35,608.04,59153800,0,0
2016-09-27,608.02,608.25,604.11,606.17,49422400,0,0
2016-09-28,606.24,606.59,604.61,604.73,48722600,0,0
2016-09-29,605.02,606.82,604.85,605.69,55658600,0,0
2016-10-01,609.93,615.24,609.93,613.98,56357000,0,0
2016-10-02,613.95,614.01,609.68,610.89,39249800,0,0
2016-10-03,610.97,612.57,610.46,612.13,46798300,0,0
2016-10-04,612.05,612.05,609.48,610.2,49801600,0,0
2016-10-06,612.47,613.82,611.47,613.02,56812100,0,0
2016-10-07,612.61,617.91,611.82,617.12,64071400,0,0
2016-10-09,619.17,619.2,616.61,616.75,39243400,0,0
2016-10-11,619.24,642.08,618.5,641.07,103590000,0,0
2016-10-12,640.87,641.34,635.97,636.19,92370200,0,0
2016-10-13,636.03,638.83,635.03,636.79,61620700,0,0
2016-10-14,637.01,641.28,637.01,640.38,58144600,0,0
2016-10-15,640.31,642.1,637.39,638.65,39035400,0,0
2016-10-16,639.08,642.9,638.9,641.63,40298100,0,0
2016-10-17,641.82,642.33,638.66,639.19,58063600,0,0
2016-10-18,639.41,640.74,636.0,637.96,65546700,0,0
2016-10-19,638.13,638.87,628.01,630.52,69381696,0,0
2016-10-20,630.66,631.92,628.26,630.86,56957300,0,0
2016-10-21,630.83,634.09,630.69,632.83,55951000,0,0
2016-10-24,657.16,657.25,652.59,653.76,62218200,0,0
2016-10-25,654.0,664.42,653.7,657.59,90378800,0,0
2016-10-27,678.21,688.59,678.04,688.31,96105296,0,0
2016-10-28,688.0,690.44,684.16,689.65,81145504,0,0
2016-10-29,690.29,720.4,690.05,714.48,134760992,0,0
2016-10-30,714.12,714.12,696.47,701.86,100665000,0,0
2016-10-31,702.64,709.29,691.68,700.97,97064400,0,0
2016-11-01,701.34,736.45,701.34,729.79,130527000,0,0
2016-11-02,730.07,740.83,722.35,740.83,84865200,0,0
2016-11-03,742.35,745.77,678.16,688.7,172808000,0,0
2016-11-05,703.53,707.51,697.74,703.42,53752300,0,0
2016-11-06,703.81,714.26,699.56,711.52,59902200,0,0
2016-11-07,710.74,710.74,699.9,703.13,65047100,0,0
2016-11-08,703.09,712.99,702.39,709.85,79660800,0,0
2016-11-09,709.83,740.05,708.61,723.27,132429000,0,0
2016-11-10,722.84,723.02,711.21,715.53,68807800,0,0
2016-11-11,715.55,718.32,714.41,716.41,63119700,0,0
2016-11-12,716.75,717.15,704.03,705.05,64622500,0,0
2016-11-13,705.2,705.26,687.32,702.03,80318096,0,0
2016-11-14,702.0,706.28,699.81,705.02,62993000,0,0
2016-11-15,705.79,715.72,705.26,711.62,72038496,0,0
2016-11-16,711.17,747.61,709.04,744.2,141294000,0,0
2016-11-17,744.88,755.65,739.51,740.98,108579000,0,0
2016-11-18,740.71,752.88,736.89,751.59,87363104,0,0
2016-11-19,751.83,756.24,744.47,751.62,110608000,0,0
2016-11-24,744.62,746.83,733.49,740.29,85919296,0,0
2016-11-25,740.44,741.65,734.59,741.65,67807600,0,0
2016-11-26,741.51,742.21,729.62,735.38,54962700,0,0
2016-11-27,735.44,739.02,731.09,732.03,52601800,0,0
2016-11-28,732.48,738.01,732.48,735.81,61888600,0,0
2016-11-29,736.33,737.47,734.56,735.6,68511104,0,0
2016-11-30,736.28,747.93,736.27,745.69,84070800,0,0
2016-12-01,746.05,758.28,746.05,756.77,80461904,0,0
2016-12-02,757.54,781.3,757.54,777.94,127605000,0,0
2016-12-03,778.25,778.25,764.86,771.16,69547296,0,0
2016-12-04,771.64,773.87,768.16,773.87,60557900,0,0
2016-12-05,773.39,773.47,751.71,758.7,106363000,0,0
2016-12-08,768.08,774.7,765.95,770.81,80111904,0,0
2016-12-09,769.94,774.53,769.65,772.79,68705296,0,0
2016-12-12,770.04,781.92,770.04,780.09,76571000,0,0
2016-12-13,780.65,788.46,777.96,780.56,81645600,0,0
2016-12-14,780.01,782.03,776.84,781.48,75979000,0,0
2016-12-15,780.07,781.43,777.8,778.09,81580096,0,0
2016-12-16,778.96,785.03,778.96,784.91,83608200,0,0
2016-12-17,785.17,792.51,784.86,790.83,78989800,0,0
2016-12-18,791.01,794.74,788.03,790.53,60524400,0,0
2016-12-19,790.69,793.61,790.32,792.71,74886400,0,0
2016-12-20,792.25,801.34,791.5,800.88,99629296,0,0
2016-12-21,800.64,834.28,799.41,834.28,155576000,0,0
2016-12-22,834.18,875.78,834.15,864.54,200027008,0,0
2016-12-23,864.89,925.12,864.68,921.98,275564000,0,0
2016-12-25,899.65,899.65,862.42,896.18,143664992,0,0
2016-12-26,896.91,913.18,896.9,907.61,123771000,0,0
2016-12-27,908.35,940.05,904.26,933.2,167308000,0,0
2016-12-28,934.83,975.92,934.83,975.92,236630000,0,0
2016-12-29,975.12,979.4,954.5,973.5,199320000,0,0
2016-12-30,972.53,972.53,934.83,961.24,187474000,0,0
2017-01-01,963.66,1003.08,958.7,998.33,147775008,0,0
2017-01-02,998.62,1031.39,996.7,1021.75,222184992,0,0
2017-01-03,1021.6,1044.08,1021.6,1043.84,185168000,0,0
2017-01-04,1044.4,1159.42,1044.4,1154.73,344945984,0,0
2017-01-05,1156.73,1191.1,910.42,1013.38,510199008,0,0
2017-01-06,1014.24,1046.81,883.94,902.2,351876000,0,0
2017-01-07,903.49,908.59,823.56,908.59,279550016,0,0
2017-01-08,908.17,942.72,887.25,911.2,158715008,0,0
2017-01-09,913.24,913.69,879.81,902.83,141876992,0,0
2017-01-12,775.18,826.25,755.76,804.83,222326000,0,0
2017-01-13,803.74,829.0,780.0,823.98,168968000,0,0
2017-01-14,825.14,835.09,812.46,818.41,93063296,0,0
2017-01-15,818.14,823.31,812.87,821.8,71013600,0,0
2017-01-16,821.78,834.53,820.27,831.53,82755200,0,0
2017-01-17,830.95,910.56,830.8,907.94,155095008,0,0
2017-01-18,909.37,917.5,858.3,886.62,225676992,0,0
2017-01-19,888.34,904.61,884.34,899.07,105625000,0,0
2017-01-20,898.17,899.4,887.01,895.03,86728400,0,0
2017-01-22,922.21,937.53,897.56,924.67,116573000,0,0
2017-01-23,925.5,928.27,916.74,921.01,73588600,0,0
2017-01-24,910.68,924.15,892.29,892.69,111349000,0,0
2017-01-25,891.92,903.25,891.69,901.54,120831000,0,0
2017-01-26,902.4,919.33,902.22,917.59,131958000,0,0
2017-01-27,918.36,923.22,915.85,919.75,125594000,0,0
2017-01-28,919.81,923.91,919.81,921.59,68979600,0,0
2017-01-29,922.07,923.42,919.15,919.5,60851700,0,0
2017-01-30,920.15,923.05,919.47,920.38,78227296,0,0
2017-01-31,920.96,972.02,920.96,970.4,164582000,0,0
2017-02-01,970.94,989.11,970.74,989.02,150110000,0,0
2017-02-02,990.0,1013.52,983.22,1011.8,145820992,0,0
2017-02-03,1011.46,1033.87,1008.79,1029.91,201278000,0,0
2017-02-04,1031.33,1045.9,1015.16,1042.9,155064000,0,0
2017-02-05,1043.52,1043.63,1022.37,1027.34,114208000,0,0
2017-02-06,1028.4,1044.64,1028.16,1038.15,111762000,0,0
2017-02-07,1040.14,1061.93,1040.14,1061.35,146007008,0,0
2017-02-08,1062.32,1078.97,1037.49,1063.07,201855008,0,0
2017-02-09,1064.7,1088.99,953.34,994.38,407220000,0,0
2017-02-11,988.9,1009.29,982.83,1004.45,102261000,0,0
2017-02-12,1003.52,1004.76,996.92,999.18,67530000,0,0
2017-02-13,998.89,1002.1,976.0,990.64,100607000,0,0
2017-02-15,1006.21,1008.84,1001.58,1007.48,89759400,0,0
2017-02-16,1007.65,1033.37,1007.65,1027.44,122277000,0,0
2017-02-17,1026.12,1053.17,1025.64,1046.21,136474000,0,0
2017-02-18,1049.21,1061.1,1046.96,1054.42,99073504,0,0
2017-02-19,1054.76,1056.81,1043.46,1047.87,77423296,0,0
2017-02-20,1048.69,1080.49,1041.69,1079.98,109478000,0,0
2017-02-21,1079.28,1117.25,1076.93,1115.3,186868992,0,0
2017-02-22,1114.8,1125.39,1100.55,1117.44,136100000,0,0
2017-02-23,1117.27,1176.62,1116.96,1166.72,189454000,0,0
2017-02-24,1172.71,1200.39,1131.96,1173.68,330759008,0,0
2017-02-25,1170.41,1174.85,1124.59,1143.84,139960992,0,0
2017-02-26,1144.27,1167.47,1130.2,1165.2,116486000,0,0
2017-02-27,1163.78,1181.98,1163.38,1179.97,131570000,0,0
2017-02-28,1180.72,1193.25,1171.82,1179.97,184956000,0,0
2017-03-01,1180.04,1222.5,1179.69,1222.5,229056992,0,0
2017-03-02,1224.68,1262.13,1215.62,1251.01,368275008,0,0
2017-03-03,1250.71,1280.31,1250.71,1274.99,315739008,0,0
2017-03-04,1277.43,1279.4,1230.51,1255.15,183270000,0,0
2017-03-05,1254.29,1267.29,1238.06,1267.12,134127000,0,0
2017-03-06,1267.47,1276.0,1264.6,1272.83,153656992,0,0
2017-03-07,1273.21,1275.55,1204.8,1223.54,291256000,0,0
2017-03-08,1223.23,1232.16,1148.08,1150.0,332603008,0,0
2017-03-09,1150.35,1197.46,1141.23,1188.49,212283008,0,0
2017-03-10,1189.36,1270.47,1077.25,1116.72,563795968,0,0
2017-03-11,1116.32,1193.83,1116.32,1175.83,283320000,0,0
2017-03-12,1176.62,1226.98,1175.36,1221.38,227176000,0,0
2017-03-13,1221.78,1237.37,1217.03,1231.92,380276992,0,0
2017-03-14,1232.16,1244.81,1220.72,1240.0,245306000,0,0
2017-03-15,1240.16,1251.61,1239.75,1249.61,297804992,0,0
2017-03-17,1180.16,1180.16,1099.57,1100.23,706598976,0,0
2017-03-18,1099.69,1114.07,957.66,973.82,621302016,0,0
2017-03-20,1037.24,1063.03,1036.68,1054.23,286529984,0,0
2017-03-22,1120.65,1120.65,1014.21,1049.14,380840992,0,0
2017-03-23,1050.05,1058.01,1028.93,1038.59,248540000,0,0
2017-03-25,936.54,975.76,903.71,972.78,435803008,0,0
2017-03-26,974.02,1007.96,954.19,966.72,303668000,0,0
2017-03-27,972.05,1046.4,971.98,1045.77,372535008,0,0
2017-03-28,1044.58,1064.65,1027.73,1047.15,326332000,0,0
2017-03-29,1046.08,1055.13,1015.88,1039.97,298457984,0,0
2017-03-30,1042.21,1049.29,1020.04,1026.43,352968992,0,0
2017-03-31,1026.64,1074.92,1026.64,1071.79,447287008,0,0
2017-04-01,1071.71,1091.72,1061.09,1080.5,289633984,0,0
2017-04-02,1080.61,1107.59,1075.45,1102.17,514187008,0,0
2017-04-03,1102.95,1151.74,1102.95,1143.81,580444032,0,0
2017-04-04,1145.52,1156.44,1120.52,1133.25,436310016,0,0
2017-04-05,1134.14,1135.09,1113.63,1124.78,414784000,0,0
2017-04-07,1178.94,1186.58,1163.39,1176.9,317022016,0,0
2017-04-08,1172.65,1184.98,1162.58,1175.95,209312000,0,0
2017-04-09,1176.57,1197.21,1171.86,1187.87,242343008,0,0
2017-04-10,1187.3,1190.34,1179.04,1187.13,215883008,0,0
2017-04-13,1201.02,1205.89,1156.44,1169.28,351968992,0,0
2017-04-14,1170.33,1190.8,1159.79,1167.54,254827008,0,0
2017-04-15,1167.3,1188.0,1164.96,1172.52,203559008,0,0
2017-04-16,1172.61,1187.22,1172.61,1182.94,183231008,0,0
2017-04-19,1212.13,1215.51,1205.08,1210.29,288060992,0,0
2017-04-20,1211.08,1240.79,1208.41,1229.08,315108000,0,0
2017-04-21,1229.42,1235.94,1215.56,1222.05,272167008,0,0
2017-04-22,1222.71,1235.56,1208.47,1231.71,249320000,0,0
2017-04-23,1231.92,1232.2,1203.94,1207.21,258951008,0,0
2017-04-24,1209.63,1250.94,1209.63,1250.15,235806000,0,0
2017-04-25,1250.45,1267.58,1249.97,1265.49,242556000,0,0
2017-04-26,1265.99,1294.83,1265.93,1281.08,329631008,0,0
2017-04-27,1281.88,1319.7,1281.3,1317.73,449196992,0,0
2017-04-28,1317.74,1331.28,1292.37,1316.48,527488992,0,0
2017-04-29,1317.84,1327.2,1315.21,1321.79,422705984,0,0
2017-04-30,1321.87,1347.91,1314.92,1347.89,413115008,0,0
2017-05-01,1348.3,1434.32,1348.3,1421.6,713624000,0,0
2017-05-02,1421.03,1473.9,1415.69,1452.82,477337984,0,0
2017-05-03,1453.78,1492.77,1447.49,1490.09,583795968,0,0
2017-05-04,1490.72,1608.91,1490.72,1537.67,933548992,0,0
2017-05-05,1540.87,1618.03,1530.31,1555.45,946035968,0,0
2017-05-06,1556.81,1578.8,1542.5,1578.8,582529984,0,0
2017-05-08,1596.92,1723.35,1596.92,1723.35,1340320000,0,0
2017-05-09,1723.89,1833.49,1716.3,1755.36,1167920000,0,0
2017-05-10,1756.52,1788.44,1719.1,1787.13,915723008,0,0
2017-05-11,1780.37,1873.93,1755.35,1848.57,799489984,0,0
2017-05-12,1845.76,1856.15,1694.01,1724.24,740984000,0,0
2017-05-13,1723.12,1812.99,1651.08,1804.91,579635008,0,0
2017-05-14,1800.86,1831.42,1776.62,1808.91,437196000,0,0
2017-05-15,1808.44,1812.8,1708.54,1738.43,731529024,0,0
2017-05-16,1741.7,1785.94,1686.54,1734.45,959044992,0,0
2017-05-17,1726.73,1864.05,1661.91,1839.09,1064729984,0,0
2017-05-19,1897.37,2004.52,1890.25,1987.71,1157289984,0,0
2017-05-20,1984.24,2084.73,1974.92,2084.73,961336000,0,0
2017-05-21,2067.03,2119.08,2037.5,2041.2,1147859968,0,0
2017-05-22,2043.19,2303.9,2017.87,2173.4,1942220032,0,0
2017-05-24,2321.37,2523.72,2321.37,2443.64,1725379968,0,0
2017-05-26,2320.89,2573.79,2071.99,2202.42,1763480064,0,0
2017-05-27,2196.27,2260.2,1855.83,2038.87,1700480000,0,0
2017-05-28,2054.08,2267.34,2054.08,2155.8,1147139968,0,0
2017-05-29,2159.43,2307.05,2107.17,2255.61,994625024,0,0
2017-05-30,2255.36,2301.96,2124.57,2175.47,1443970048,0,0
2017-05-31,2187.19,2311.08,2145.57,2286.41,1544829952,0,0
2017-06-01,2288.33,2448.39,2288.33,2407.88,1653180032,0,0
2017-06-02,2404.03,2488.55,2373.32,2488.55,1317030016,0,0
2017-06-04,2547.79,2585.89,2452.54,2511.81,1355120000,0,0
2017-06-05,2512.4,2686.81,2510.22,2686.81,1369309952,0,0
2017-06-06,2690.84,2999.91,2690.84,2863.2,2089609984,0,0
2017-06-09,2807.44,2901.71,2795.62,2823.81,1348950016,0,0
2017-06-10,2828.14,2950.99,2746.55,2947.71,2018889984,0,0
2017-06-11,2942.41,2996.6,2840.53,2958.11,1752400000,0,0
2017-06-12,2953.22,2997.26,2518.56,2659.63,2569530112,0,0
2017-06-13,2680.91,2789.04,2650.38,2717.02,1781200000,0,0
2017-06-14,2716.88,2786.83,2412.94,2506.37,1696560000,0,0
2017-06-15,2499.58,2534.71,2212.96,2464.58,2026259968,0,0
2017-06-16,2469.57,2539.92,2385.15,2518.56,1195190016,0,0
2017-06-18,2655.35,2662.1,2516.33,2548.29,1178659968,0,0
2017-06-19,2549.03,2662.85,2549.03,2589.6,1446840064,0,0
2017-06-20,2591.26,2763.45,2589.82,2721.79,1854189952,0,0
2017-06-22,2691.03,2723.74,2642.36,2705.41,1097939968,0,0
2017-06-23,2707.34,2765.17,2706.37,2744.91,961318976,0,0
2017-06-24,2738.52,2757.94,2583.19,2608.72,982750016,0,0
2017-06-25,2607.25,2682.26,2552.12,2589.41,1161100032,0,0
2017-06-26,2590.57,2615.25,2376.29,2478.45,1663280000,0,0
2017-06-28,2553.03,2603.98,2484.42,2574.79,1183869952,0,0
2017-06-29,2567.56,2588.83,2510.48,2539.32,949979008,0,0
2017-06-30,2539.24,2559.25,2478.43,2480.84,860273024,0,0
2017-07-02,2436.4,2514.28,2394.84,2506.47,803747008,0,0
2017-07-04,2561.0,2631.59,2559.35,2601.64,985516032,0,0
2017-07-05,2602.87,2622.65,2538.55,2601.99,941566016,0,0
2017-07-07,2608.59,2916.14,2498.87,2518.66,917411968,0,0
2017-07-08,2520.27,2571.34,2492.31,2571.34,733329984,0,0
2017-07-09,2572.61,2635.49,2517.59,2518.44,527856000,0,0
2017-07-11,2385.89,2413.47,2296.81,2337.79,1329760000,0,0
2017-07-12,2332.77,2423.71,2275.14,2398.84,1117410048,0,0
2017-07-13,2402.7,2425.22,2340.83,2357.9,835769984,0,0
2017-07-17,1932.62,2230.49,1932.62,2228.41,1201760000,0,0
2017-07-19,2323.08,2397.17,2260.23,2273.43,1245100032,0,0
2017-07-20,2269.89,2900.7,2269.89,2817.6,2249260032,0,0
2017-07-22,2668.63,2862.42,2657.71,2810.12,1177129984,0,0
2017-07-23,2808.1,2832.18,2653.94,2730.4,1072840000,0,0
2017-07-24,2732.7,2777.26,2699.19,2754.86,866473984,0,0
2017-07-25,2757.5,2768.08,2480.96,2576.48,1460089984,0,0
2017-07-26,2577.77,2610.76,2450.8,2529.45,937404032,0,0
2017-07-27,2538.71,2693.32,2529.34,2671.78,789104000,0,0
2017-07-28,2679.73,2897.45,2679.73,2809.01,1380099968,0,0
2017-07-29,2807.02,2808.76,2692.8,2726.45,803745984,0,0
2017-07-30,2724.39,2758.53,2644.85,2757.18,705942976,0,0
2017-08-01,2871.3,2921.35,2685.61,2718.26,1324669952,0,0
2017-08-02,2727.13,2762.53,2668.59,2710.67,1094950016,0,0
2017-08-03,2709.56,2813.31,2685.14,2804.73,804796992,0,0
2017-08-04,2806.93,2899.33,2743.72,2895.89,1002120000,0,0
2017-08-05,2897.63,3290.01,2874.83,3252.91,1945699968,0,0
2017-08-06,3257.61,3293.29,3155.6,3213.94,1105030016,0,0
2017-08-07,3212.78,3397.68,3180.89,3378.94,1482279936,0,0
2017-08-08,3370.22,3484.85,3345.83,3419.94,1752760064,0,0
2017-08-09,3420.4,3422.76,3247.67,3342.47,1468960000,0,0
2017-08-10,3341.84,3453.45,3319.47,3381.28,1515110016,0,0
2017-08-12,3650.63,3949.92,3613.7,3884.71,2219589888,0,0
2017-08-13,3880.04,4208.39,3857.8,4073.26,3159089920,0,0
2017-08-14,4066.1,4325.13,3989.16,4325.13,2463089920,0,0
2017-08-15,4326.99,4455.97,3906.18,4181.93,3258050048,0,0
2017-08-16,4200.34,4381.23,3994.42,4376.63,2272039936,0,0
2017-08-18,4324.34,4370.13,4015.4,4160.62,2941710080,0,0
2017-08-20,4189.31,4196.29,4069.88,4087.66,2109769984,0,0
2017-08-21,4090.48,4109.14,3988.6,4001.74,2800890112,0,0
2017-08-22,3998.35,4128.76,3674.58,4100.52,3764239872,0,0
2017-08-23,4089.01,4255.78,4078.41,4151.52,2369819904,0,0
2017-08-25,4332.82,4455.7,4307.35,4371.6,1727970048,0,0
2017-08-26,4372.06,4379.28,4269.52,4352.4,1511609984,0,0
2017-08-27,4345.1,4416.59,4317.29,4382.88,1537459968,0,0
2017-08-28,4384.45,4403.93,4224.64,4382.66,1959330048,0,0
2017-08-29,4389.21,4625.68,4352.13,4579.02,2486080000,0,0
2017-08-31,4555.59,4736.05,4549.4,4703.39,1944930048,0,0
2017-09-02,4901.42,4975.04,4469.24,4578.77,2722139904,0,0
2017-09-03,4585.27,4714.08,4417.59,4582.96,1933190016,0,0
2017-09-04,4591.63,4591.63,4108.4,4236.31,2987330048,0,0
2017-09-05,4228.29,4427.84,3998.11,4376.53,2697969920,0,0
2017-09-08,4605.16,4661.0,4075.18,4228.75,2700890112,0,0
2017-09-09,4229.81,4308.82,4114.11,4226.06,1386230016,0,0
2017-09-10,4229.34,4245.44,3951.04,4122.94,1679090048,0,0
2017-09-11,4122.47,4261.67,4099.4,4161.27,1557330048,0,0
2017-09-12,4168.88,4344.65,4085.22,4130.81,1864530048,0,0
2017-09-15,3166.3,3733.45,2946.62,3637.52,4148069888,0,0
2017-09-16,3637.75,3808.84,3487.79,3625.04,1818400000,0,0
2017-09-17,3606.28,3664.81,3445.64,3582.88,1239149952,0,0
2017-09-18,3591.09,4079.23,3591.09,4065.2,1943209984,0,0
2017-09-19,4073.79,4094.07,3868.87,3924.97,1563980032,0,0
2017-09-20,3916.36,4031.39,3857.73,3905.95,1213830016,0,0
2017-09-21,3901.47,3916.42,3613.63,3631.04,1411480064,0,0
2017-09-22,3628.02,3758.27,3553.53,3630.7,1194829952,0,0
2017-09-24,3796.15,3796.15,3666.9,3682.84,768014976,0,0
2017-09-25,3681.58,3950.25,3681.58,3926.07,1374210048,0,0
2017-09-26,3928.41,3969.89,3869.9,3892.35,1043740032,0,0
2017-09-27,3892.94,4210.05,3884.82,4200.67,1686880000,0,0
2017-09-28,4197.13,4279.31,4109.7,4174.73,1712320000,0,0
2017-09-29,4171.62,4214.63,4039.29,4163.07,1367049984,0,0
2017-09-30,4166.11,4358.43,4160.86,4338.71,1207449984,0,0
2017-10-01,4341.05,4403.74,4269.81,4403.74,1208210048,0,0
2017-10-02,4395.81,4470.23,4377.46,4409.32,1431730048,0,0
2017-10-03,4408.46,4432.47,4258.89,4317.48,1288019968,0,0
2017-10-04,4319.37,4352.31,4210.42,4229.36,1116770048,0,0
2017-10-05,4229.88,4362.64,4164.05,4328.41,1161769984,0,0
2017-10-06,4324.46,4413.27,4320.53,4370.81,1069939968,0,0
2017-10-08,4429.67,4624.14,4405.64,4610.48,1313869952,0,0
2017-10-09,4614.52,4878.71,4564.25,4772.02,1968739968,0,0
2017-10-10,4776.21,4922.17,4765.1,4781.99,1597139968,0,0
2017-10-11,4789.25,4873.73,4751.63,4826.48,1222279936,0,0
2017-10-12,4829.58,5446.91,4822.0,5446.91,2791610112,0,0
2017-10-13,5464.16,5840.3,5436.85,5647.21,3615480064,0,0
2017-10-14,5643.53,5837.7,5591.64,5831.79,1669030016,0,0
2017-10-16,5687.57,5776.23,5544.21,5725.59,2008070016,0,0
2017-10-17,5741.58,5800.35,5472.72,5605.51,1821570048,0,0
2017-10-18,5603.82,5603.82,5151.44,5590.69,2399269888,0,0
2017-10-19,5583.74,5744.35,5531.06,5708.52,1780540032,0,0
2017-10-20,5708.11,6060.11,5627.23,6011.45,2354429952,0,0
2017-10-21,5996.79,6194.88,5965.07,6031.6,2207099904,0,0
2017-10-22,6036.66,6076.26,5792.34,6008.42,2034630016,0,0
2017-10-23,6006.0,6075.59,5732.47,5930.32,2401840128,0,0
2017-10-24,5935.52,5935.52,5504.18,5526.64,2735699968,0,0
2017-10-26,5747.95,5976.8,5721.22,5904.83,1905040000,0,0
2017-10-27,5899.74,5988.39,5728.82,5780.9,1710130048,0,0
2017-10-29,5754.44,6255.71,5724.58,6153.85,2859040000,0,0
2017-10-31,6132.02,6470.43,6103.33,6468.4,2311379968,0,0
2017-11-01,6440.97,6767.31,6377.88,6767.31,2870320128,0,0
2017-11-02,6777.77,7367.33,6758.72,7078.5,4653770240,0,0
2017-11-03,7087.53,7461.29,7002.94,7207.76,3369860096,0,0
2017-11-04,7164.48,7492.86,7031.28,7379.95,2483800064,0,0
2017-11-05,7404.52,7617.48,7333.19,7407.41,2380410112,0,0
2017-11-07,7023.1,7253.32,7023.1,7144.38,2326340096,0,0
2017-11-09,7446.83,7446.83,7101.52,7143.58,3226249984,0,0
2017-11-10,7173.73,7312.0,6436.87,6618.14,5208249856,0,0
2017-11-11,6618.61,6873.15,6204.22,6357.6,4908680192,0,0
2017-11-12,6295.45,6625.05,5519.01,5950.07,8957349888,0,0
2017-11-13,5938.25,6811.19,5844.29,6559.49,6263249920,0,0
2017-11-14,6561.48,6764.98,6461.75,6635.75,3197110016,0,0
2017-11-15,6634.76,7342.25,6634.76,7315.54,4200880128,0,0
2017-11-16,7323.24,7967.38,7176.58,7871.69,5123809792,0,0
2017-11-17,7853.57,8004.59,7561.09,7708.99,4651670016,0,0
2017-11-18,7697.21,7884.99,7463.44,7790.15,3667190016,0,0
2017-11-19,7766.03,8101.91,7694.1,8036.49,3149319936,0,0
2017-11-20,8039.07,8336.86,7949.36,8200.64,3488450048,0,0
2017-11-21,8205.74,8348.66,7762.71,8071.26,4277609984,0,0
2017-11-22,8077.95,8302.26,8075.47,8253.55,3633530112,0,0
2017-11-24,8074.02,8374.16,7940.93,8253.69,5058610176,0,0
2017-11-25,8241.71,8790.92,8191.15,8790.92,4342060032,0,0
2017-11-26,8789.04,9522.93,8775.59,9330.55,5475579904,0,0
2017-11-27,9352.72,9818.35,9352.72,9818.35,5653320192,0,0
2017-11-28,9823.43,10125.7,9736.3,10058.8,6348819968,0,0
2017-11-29,10077.4,11517.4,9601.03,9888.61,11568799744,0,0
2017-11-30,9906.79,10801.0,9202.05,10233.6,8310689792,0,0
2017-12-01,10198.6,11046.7,9694.65,10975.6,6783119872,0,0
2017-12-02,10978.3,11320.2,10905.1,11074.6,5138500096,0,0
2017-12-03,11082.7,11858.7,10862.0,11323.2,6608309760,0,0
2017-12-04,11315.4,11657.2,11081.8,11657.2,6132409856,0,0
2017-12-05,11685.7,12032.0,11604.6,11916.7,6895260160,0,0
2017-12-06,11923.4,14369.1,11923.4,14291.5,12656300032,0,0
2017-12-07,14266.1,17899.7,14057.3,17899.7,17950699520,0,0
2017-12-09,16523.3,16783.0,13674.9,15178.2,13911300096,0,0
2017-12-10,15168.4,15850.6,13226.6,15455.4,13433299968,0,0
2017-12-11,15427.4,17513.9,15404.8,16936.8,12153900032,0,0
2017-12-12,16919.8,17781.8,16571.6,17415.4,14603799552,0,0
2017-12-13,17500.0,17653.1,16039.7,16408.2,12976900096,0,0
2017-12-14,16384.6,17085.8,16185.9,16564.0,13777399808,0,0
2017-12-16,17760.3,19716.7,17515.3,19497.4,12740599808,0,0
2017-12-17,19475.8,20089.0,18974.1,19140.8,13314599936,0,0
2017-12-18,19106.4,19371.0,18355.9,19114.2,14839499776,0,0
2017-12-19,19118.3,19177.8,17275.4,17776.7,16894499840,0,0
2017-12-20,17760.3,17934.7,16077.7,16624.6,22149699584,0,0
2017-12-21,16642.4,17567.7,15342.7,15802.9,16516599808,0,0
2017-12-22,15898.0,15943.4,11833.0,13831.8,22197999616,0,0
2017-12-24,14608.2,14626.0,12747.7,13925.8,11572299776,0,0
2017-12-25,13995.9,14593.0,13448.9,14026.6,10664699904,0,0
2017-12-26,14036.6,16461.2,14028.9,16099.8,13454300160,0,0
2017-12-27,16163.5,16930.9,15114.3,15838.5,12487600128,0,0
2017-12-28,15864.1,15888.4,13937.3,14606.5,12336499712,0,0
2017-12-29,14695.8,15279.0,14307.0,14656.2,13025500160,0,0
2017-12-30,14681.9,14681.9,12350.1,12952.2,14452599808,0,0
2018-01-01,14112.2,14112.2,13154.7,13657.2,10291200000,0,0
2018-01-02,13625.0,15444.6,13163.6,14982.1,16846600192,0,0
2018-01-03,14978.2,15572.8,14844.5,15201.0,16871900160,0,0
2018-01-04,15270.7,15739.7,14522.2,15599.2,21783199744,0,0
2018-01-06,17462.1,17712.4,16764.6,17527.0,18314600448,0,0
2018-01-07,17527.3,17579.6,16087.7,16477.6,15866000384,0,0
2018-01-08,16476.2,16537.9,14208.2,15170.1,18413899776,0,0
2018-01-09,15123.7,15497.5,14424.0,14595.4,16659999744,0,0
2018-01-10,14588.5,14973.3,13691.2,14973.3,18500800512,0,0
2018-01-11,14968.2,15018.8,13105.9,13405.8,16534099968,0,0
2018-01-12,13453.9,14229.9,13158.1,13980.6,12065699840,0,0
2018-01-13,13952.4,14659.5,13952.4,14360.2,12763599872,0,0
2018-01-14,14370.8,14511.8,13268.0,13772.0,11084099584,0,0
2018-01-15,13767.3,14445.5,13641.7,13819.8,12750799872,0,0
2018-01-16,13836.1,13843.1,10194.9,11490.5,18853799936,0,0
2018-01-18,11198.8,12107.3,10942.5,11474.9,15020399616,0,0
2018-01-19,11429.8,11992.8,11172.1,11607.4,10740400128,0,0
2018-01-20,11656.2,13103.0,11656.2,12899.2,11801700352,0,0
2018-01-21,12889.2,12895.9,11288.2,11600.1,9935179776,0,0
2018-01-22,11633.1,11966.4,10240.2,10931.4,10537400320,0,0
2018-01-23,10944.5,11377.6,10129.7,10868.4,9660609536,0,0
2018-01-24,10903.4,11501.4,10639.8,11359.4,9940989952,0,0
2018-01-25,11421.7,11785.7,11057.4,11259.4,8873169920,0,0
2018-01-27,11174.9,11614.9,10989.2,11440.7,7583269888,0,0
2018-01-28,11475.3,12040.3,11475.3,11786.3,8350360064,0,0
2018-01-30,11306.8,11307.2,10036.2,10106.3,8637859840,0,0
2018-01-31,10108.2,10381.6,9777.42,10221.1,8041160192,0,0
2018-02-01,10237.3,10288.8,8812.28,9170.54,9959400448,0,0
2018-02-04,9175.7,9334.87,8031.22,8277.01,7073549824,0,0
2018-02-05,8270.54,8364.84,6756.68,6955.27,9285289984,0,0
2018-02-06,7051.75,7850.7,6048.26,7754.0,13999800320,0,0
2018-02-07,7755.49,8509.11,7236.79,7621.3,9169280000,0,0
2018-02-08,7637.86,8558.77,7637.86,8265.59,9346750464,0,0
2018-02-09,8271.84,8736.98,7884.71,8736.98,6784820224,0,0
2018-02-10,8720.08,9122.55,8295.47,8621.9,7780960256,0,0
2018-02-11,8616.13,8616.13,7931.1,8129.97,6122189824,0,0
2018-02-12,8141.43,8985.92,8141.43,8926.57,6256439808,0,0
2018-02-13,8926.72,8958.47,8455.41,8598.31,5696719872,0,0
2018-02-14,8599.92,9518.54,8599.92,9494.63,7909819904,0,0
2018-02-16,10135.7,10324.1,9824.82,10233.9,7296159744,0,0
2018-02-17,10207.5,11139.5,10149.4,11112.7,8660880384,0,0
2018-02-18,11123.4,11349.8,10326.0,10551.8,8744009728,0,0
2018-02-20,11231.8,11958.5,11231.8,11403.7,9926540288,0,0
2018-02-21,11372.2,11418.5,10479.1,10690.4,9405339648,0,0
2018-02-22,10660.4,11039.1,9939.09,10005.0,8040079872,0,0
2018-02-23,9937.07,10487.3,9734.56,10301.1,7739500032,0,0
2018-02-24,10287.7,10597.2,9546.97,9813.07,6917929984,0,0
2018-02-25,9796.42,9923.22,9407.06,9664.73,5706939904,0,0
2018-02-26,9669.43,10475.0,9501.73,10366.7,7287690240,0,0
2018-02-27,10393.9,10878.5,10246.1,10725.6,6966179840,0,0
2018-02-28,10687.2,11089.8,10393.1,10397.9,6936189952,0,0
2018-03-01,10385.0,11052.3,10352.7,10951.0,7317279744,0,0
2018-03-02,10977.4,11189.0,10850.1,11086.4,7620590080,0,0
2018-03-04,11497.4,11512.6,11136.1,11512.6,6084149760,0,0
2018-03-05,11532.4,11704.1,11443.9,11573.3,6468539904,0,0
2018-03-06,11500.1,11500.1,10694.3,10779.9,6832169984,0,0
2018-03-07,10803.9,10929.5,9692.12,9965.57,8797910016,0,0
2018-03-08,9951.44,10147.4,9335.87,9395.01,7186089984,0,0
2018-03-09,9414.69,9466.35,8513.03,9337.55,8704190464,0,0
2018-03-11,8852.78,9711.89,8607.12,9578.63,6296370176,0,0
2018-03-12,9602.93,9937.5,8956.43,9205.12,6457399808,0,0
2018-03-13,9173.04,9470.38,8958.19,9194.85,5991139840,0,0
2018-03-14,9214.65,9355.85,8068.59,8269.81,6438230016,0,0
2018-03-16,8322.91,8585.15,8005.31,8338.35,5289379840,0,0
2018-03-17,8321.91,8346.53,7812.82,7916.88,4426149888,0,0
2018-03-18,7890.52,8245.51,7397.99,8223.68,6639190016,0,0
2018-03-19,8344.12,8675.87,8182.4,8630.65,6729110016,0,0
2018-03-20,8619.67,9051.02,8389.89,8913.47,6361789952,0,0
2018-03-21,8937.48,9177.37,8846.33,8929.28,6043129856,0,0
2018-03-22,8939.44,9100.71,8564.9,8728.47,5530390016,0,0
2018-03-24,8901.95,8996.18,8665.7,8668.12,5664600064,0,0
2018-03-25,8612.81,8682.01,8449.1,8495.78,4569880064,0,0
2018-03-26,8498.47,8530.08,7921.43,8209.4,5921039872,0,0
2018-03-31,6892.48,7207.85,6863.52,6973.53,4553269760,0,0
2018-04-01,7003.06,7060.95,6526.87,6844.23,4532100096,0,0
2018-04-02,6844.86,7135.47,6816.58,7083.8,4333440000,0,0
2018-04-03,7102.26,7530.94,7072.49,7456.11,5499700224,0,0
2018-04-04,7456.41,7469.88,6803.88,6853.84,4936000000,0,0
2018-04-05,6848.65,6933.82,6644.8,6811.47,5639320064,0,0
2018-04-06,6815.96,6857.49,6575.0,6636.32,3766810112,0,0
2018-04-07,6630.51,7050.54,6630.51,6911.09,3976610048,0,0
2018-04-08,6919.98,7111.56,6919.98,7023.52,3652499968,0,0
2018-04-09,7044.32,7178.11,6661.99,6770.73,4894060032,0,0
2018-04-13,7901.09,8183.96,7758.93,7895.96,7764460032,0,0
2018-04-14,7874.67,8140.71,7846.0,7986.24,5191430144,0,0
2018-04-15,7999.33,8338.42,7999.33,8329.11,5244480000,0,0
2018-04-16,8337.57,8371.15,7925.73,8058.67,5631309824,0,0
2018-04-18,7944.43,8197.8,7886.01,8163.42,6529909760,0,0
2018-04-19,8159.27,8298.69,8138.78,8294.31,7063209984,0,0
2018-04-20,8286.88,8880.23,8244.54,8845.83,8438110208,0,0
2018-04-22,8925.06,9001.64,8779.61,8802.46,6629899776,0,0
2018-04-23,8794.39,8958.55,8788.81,8930.88,6925190144,0,0
2018-04-24,8934.34,9732.61,8927.83,9697.5,10678800384,0,0
2018-04-25,9701.03,9745.32,8799.84,8845.74,11083100160,0,0
2018-04-27,9290.63,9375.47,8987.05,8987.05,7566289920,0,0
2018-04-28,8939.27,9412.09,8931.99,9348.48,7805479936,0,0
2018-04-29,9346.41,9531.49,9193.71,9419.08,8853000192,0,0
2018-04-30,9426.11,9477.14,9166.81,9240.55,8673920000,0,0
2018-05-01,9251.47,9255.88,8891.05,9119.01,7713019904,0,0
2018-05-02,9104.6,9256.52,9015.14,9235.92,7558159872,0,0
2018-05-03,9233.97,9798.33,9188.15,9743.86,10207299584,0,0
2018-05-04,9695.5,9779.2,9585.96,9700.76,8217829888,0,0
2018-05-05,9700.28,9964.5,9695.12,9858.15,7651939840,0,0
2018-05-06,9845.31,9940.14,9465.25,9654.8,7222280192,0,0
2018-05-07,9645.67,9665.85,9231.53,9373.01,7394019840,0,0
2018-05-08,9380.87,9462.75,9127.77,9234.82,7415869952,0,0
2018-05-10,9325.96,9396.04,9040.52,9043.94,6906699776,0,0
2018-05-11,9052.96,9052.96,8394.46,8441.49,8488520192,0,0
2018-05-12,8441.44,8664.86,8223.5,8504.89,6821380096,0,0
2018-05-13,8515.49,8773.55,8395.12,8723.94,5866379776,0,0
2018-05-14,8713.1,8881.12,8367.97,8716.79,7364149760,0,0
2018-05-15,8705.19,8836.19,8456.45,8510.38,6705710080,0,0
2018-05-16,8504.41,8508.43,8175.49,8368.83,6760220160,0,0
2018-05-17,8370.05,8445.54,8054.12,8094.32,5862530048,0,0
2018-05-18,8091.83,8274.12,7974.82,8250.97,5764190208,0,0
2018-05-19,8255.73,8372.06,8183.35,8247.18,4712399872,0,0
2018-05-20,8246.99,8562.41,8205.24,8513.25,5191059968,0,0
2018-05-21,8522.33,8557.52,8365.12,8418.99,5154990080,0,0
2018-05-22,8419.87,8423.25,8004.58,8041.78,5137010176,0,0
2018-05-23,8037.08,8054.66,7507.88,7557.82,6491120128,0,0
2018-05-24,7561.12,7738.6,7331.14,7587.34,6049220096,0,0
2018-05-25,7592.3,7659.14,7392.65,7480.14,4867829760,0,0
2018-05-26,7486.48,7595.16,7349.12,7355.88,4051539968,0,0
2018-05-27,7362.08,7381.74,7270.96,7368.22,4056519936,0,0
2018-05-29,7129.46,7526.42,7090.68,7472.59,5662660096,0,0
2018-05-31,7406.15,7608.9,7361.13,7494.17,5127130112,0,0
2018-06-01,7500.7,7604.73,7407.34,7541.45,4921460224,0,0
2018-06-02,7536.72,7695.83,7497.26,7643.45,4939299840,0,0
2018-06-03,7632.09,7754.89,7613.04,7720.25,4851760128,0,0
2018-06-04,7722.53,7753.82,7474.04,7514.47,4993169920,0,0
2018-06-05,7500.9,7643.23,7397.0,7633.76,4961739776,0,0
2018-06-06,7625.97,7680.43,7502.01,7653.98,4692259840,0,0
2018-06-07,7650.82,7741.27,7650.82,7678.24,4485799936,0,0
2018-06-08,7685.14,7698.19,7558.4,7624.92,4227579904,0,0
2018-06-09,7632.52,7683.58,7531.98,7531.98,3845220096,0,0
2018-06-10,7499.55,7499.55,6709.07,6786.02,5804839936,0,0
2018-06-11,6799.29,6910.18,6706.63,6906.92,4745269760,0,0
2018-06-12,6905.82,6907.96,6542.08,6582.36,4654380032,0,0
2018-06-13,6596.88,6631.66,6285.63,6349.9,5052349952,0,0
2018-06-14,6342.75,6707.14,6334.46,6675.35,5138710016,0,0
2018-06-15,6674.08,6681.08,6433.87,6456.58,3955389952,0,0
2018-06-16,6455.45,6592.49,6402.29,6550.16,3194170112,0,0
2018-06-17,6545.53,6589.11,6499.27,6499.27,3104019968,0,0
2018-06-19,6742.39,6822.5,6709.92,6769.94,4057029888,0,0
2018-06-20,6770.76,6821.56,6611.88,6776.55,3888640000,0,0
2018-06-21,6780.09,6810.94,6715.17,6729.74,3529129984,0,0
2018-06-22,6737.88,6747.08,6006.6,6083.69,5079810048,0,0
2018-06-24,6164.28,6223.78,5826.41,6173.23,4566909952,0,0
2018-06-26,6253.55,6290.16,6093.67,6093.67,3279759872,0,0
2018-06-27,6084.4,6180.0,6052.85,6157.13,3296219904,0,0
2018-06-28,6153.16,6170.41,5873.05,5903.44,3467800064,0,0
2018-06-30,6214.22,6465.51,6214.22,6404.0,4543860224,0,0
2018-07-01,6411.68,6432.85,6289.29,6385.82,4788259840,0,0
2018-07-02,6380.38,6683.86,6305.7,6614.18,4396930048,0,0
2018-07-03,6596.66,6671.37,6447.75,6529.59,4672309760,0,0
2018-07-05,6599.71,6749.54,6546.65,6639.14,4999240192,0,0
2018-07-06,6638.69,6700.94,6533.55,6673.5,4313959936,0,0
2018-07-07,6668.71,6863.99,6579.24,6856.93,3961080064,0,0
2018-07-08,6857.8,6885.91,6747.98,6773.88,3386210048,0,0
2018-07-10,6739.21,6767.74,6320.72,6329.95,4052430080,0,0
2018-07-12,6396.78,6397.1,6136.42,6228.81,3770170112,0,0
2018-07-13,6235.03,6310.55,6192.24,6238.05,3805400064,0,0
2018-07-14,6247.5,6298.19,6212.22,6276.12,2923670016,0,0
2018-07-15,6272.7,6403.46,6256.51,6359.64,3285459968,0,0
2018-07-16,6357.01,6741.75,6357.01,6741.75,4725799936,0,0
2018-07-17,6739.65,7387.24,6684.17,7321.04,5961950208,0,0
2018-07-18,7315.32,7534.99,7280.47,7370.78,6103410176,0,0
2018-07-19,7378.2,7494.46,7295.46,7466.86,5111629824,0,0
2018-07-20,7467.4,7594.67,7323.26,7354.13,4936869888,0,0
2018-07-21,7352.72,7437.64,7262.41,7419.29,3726609920,0,0
2018-07-22,7417.8,7537.95,7383.82,7418.49,3695460096,0,0
2018-07-23,7414.71,7771.5,7409.1,7711.11,5132480000,0,0
2018-07-24,7716.51,8424.27,7705.5,8424.27,7277689856,0,0
2018-07-25,8379.66,8416.87,8086.36,8181.39,5845400064,0,0
2018-07-26,8176.85,8290.33,7878.71,7951.58,4899089920,0,0
2018-07-27,7950.4,8262.66,7839.76,8165.01,5195879936,0,0
2018-07-28,8169.06,8222.85,8110.77,8192.15,3988750080,0,0
2018-07-29,8205.82,8272.26,8141.18,8218.46,4107190016,0,0
2018-07-30,8221.58,8235.5,7917.5,8180.48,5551400000,0,0
2018-08-01,7769.04,7769.04,7504.95,7624.91,4797620000,0,0
2018-08-02,7634.19,7712.77,7523.44,7567.15,4214110000,0,0
2018-08-04,7438.67,7497.49,6984.07,7032.85,4268390000,0,0
2018-08-05,7031.08,7102.77,6940.7,7068.48,3679110000,0,0
2018-08-06,7062.94,7166.55,6890.54,6951.8,3925900000,0,0
2018-08-07,6958.32,7146.56,6748.24,6753.12,4682800000,0,0
2018-08-08,6746.85,6746.85,6226.22,6305.8,5064430000,0,0
2018-08-09,6305.56,6625.73,6249.07,6568.23,4267040000,0,0
2018-08-10,6571.42,6591.26,6124.52,6184.71,4528680000,0,0
2018-08-12,6283.65,6409.85,6237.5,6322.69,5665250000,0,0
2018-08-13,6341.36,6537.05,6225.72,6297.57,4083980000,0,0
2018-08-14,6287.66,6287.94,5971.05,6199.71,5301700000,0,0
2018-08-15,6221.42,6588.49,6221.42,6308.52,4895450000,0,0
2018-08-16,6294.23,6473.5,6276.41,6334.73,4328420000,0,0
2018-08-17,6340.91,6582.5,6324.97,6580.63,4992990000,0,0
2018-08-18,6583.43,6617.35,6353.73,6423.76,3984520000,0,0
2018-08-19,6422.57,6537.98,6361.55,6506.07,3311170000,0,0
2018-08-20,6500.51,6536.92,6297.93,6308.53,3665100000,0,0
2018-08-22,6486.25,6816.79,6310.11,6376.71,4668110000,0,0
2018-08-23,6371.34,6546.54,6371.34,6534.88,3426180000,0,0
2018-08-24,6551.52,6719.96,6498.64,6719.96,4097820000,0,0
2018-08-25,6719.95,6789.63,6700.96,6763.19,3312600000,0,0
2018-08-26,6754.64,6774.75,6620.75,6707.26,3295500000,0,0
2018-08-27,6710.8,6884.64,6689.71,6884.64,4019000000,0,0
2018-08-28,6891.08,7109.56,6882.34,7096.28,4659940000,0,0
2018-08-29,7091.71,7113.3,6970.82,7047.16,4145880000,0,0
2018-08-30,7043.76,7072.69,6834.69,6978.23,4463250000,0,0
2018-08-31,6973.97,7057.17,6920.16,7037.58,4495650000,0,0
2018-09-01,7044.81,7242.29,7038.05,7193.25,4116050000,0,0
2018-09-02,7189.58,7306.31,7132.16,7272.72,4329540000,0,0
2018-09-03,7279.03,7317.94,7208.15,7260.06,4087760000,0,0
2018-09-04,7263.0,7388.26,7255.44,7361.66,4273640000,0,0
2018-09-05,7361.46,7388.43,6792.83,6792.83,5800460000,0,0
2018-09-06,6755.14,6755.14,6404.72,6529.17,5523470000,0,0
2018-09-07,6528.92,6555.29,6396.87,6467.07,4264680000,0,0
2018-09-08,6460.17,6534.25,6197.52,6225.98,3835060000,0,0
2018-09-09,6223.38,6446.26,6201.22,6300.86,3671890000,0,0
2018-09-10,6301.57,6374.98,6292.76,6329.7,3714100000,0,0
2018-09-11,6331.88,6398.92,6260.21,6321.2,3849910000,0,0
2018-09-12,6317.01,6363.87,6265.09,6351.8,4064230000,0,0
2018-09-13,6354.24,6535.41,6354.24,6517.31,4210910000,0,0
2018-09-14,6515.41,6596.1,6456.17,6512.71,4076220000,0,0
2018-09-15,6509.4,6561.72,6493.55,6543.2,3216300000,0,0
2018-09-16,6536.68,6544.33,6460.1,6517.18,3273730000,0,0
2018-09-17,6514.06,6540.21,6257.52,6281.2,3910780000,0,0
2018-09-18,6280.91,6384.18,6265.71,6371.3,4180090000,0,0
2018-09-19,6371.85,6448.46,6208.34,6398.54,4431340000,0,0
2018-09-20,6398.85,6529.26,6395.95,6519.67,4348110000,0,0
2018-09-21,6513.87,6794.33,6496.36,6734.95,6531940000,0,0
2018-09-22,6735.05,6814.56,6616.8,6721.98,4509660000,0,0
2018-09-24,6704.77,6713.56,6580.9,6595.41,4177310000,0,0
2018-09-25,6603.64,6603.64,6381.86,6446.47,4726180000,0,0
2018-09-26,6452.79,6585.91,6397.89,6495.0,4437300000,0,0
2018-09-28,6678.75,6785.03,6598.32,6644.13,5014430000,0,0
2018-09-29,6643.1,6643.1,6511.65,6601.96,4363690000,0,0
2018-09-30,6604.71,6643.78,6566.54,6625.56,4002280000,0,0
2018-10-01,6619.85,6653.3,6549.08,6589.62,4000970000,0,0
2018-10-02,6593.24,6611.84,6537.9,6556.1,3979260000,0,0
2018-10-03,6553.86,6571.46,6454.03,6502.59,3887310000,0,0
2018-10-04,6497.91,6603.31,6497.91,6576.69,3838410000,0,0
2018-10-05,6574.15,6623.62,6557.41,6622.48,3671500000,0,0
2018-10-06,6622.45,6628.54,6577.8,6588.31,3259740000,0,0
2018-10-08,6600.19,6675.06,6576.04,6652.23,3979460000,0,0
2018-10-09,6653.08,6661.41,6606.94,6642.64,3580810000,0,0
2018-10-10,6640.29,6640.29,6538.96,6585.53,3787650000,0,0
2018-10-11,6586.74,6586.74,6243.74,6256.24,5181640000,0,0
2018-10-12,6239.25,6328.5,6236.47,6274.58,3783500000,0,0
2018-10-13,6278.08,6308.51,6259.81,6285.99,3064030000,0,0
2018-10-14,6288.49,6363.21,6280.15,6290.93,3085320000,0,0
2018-10-15,6292.64,6965.06,6258.68,6596.54,7370770000,0,0
2018-10-16,6601.41,6673.59,6571.37,6596.11,4074800000,0,0
2018-10-17,6590.52,6601.21,6517.45,6544.43,4088420000,0,0
2018-10-18,6542.33,6567.54,6450.04,6476.71,3924080000,0,0
2018-10-19,6478.07,6493.68,6445.31,6465.41,3578870000,0,0
2018-10-20,6460.92,6497.72,6449.0,6489.19,3379130000,0,0
2018-10-21,6490.09,6556.38,6476.0,6482.35,3253610000,0,0
2018-10-22,6486.05,6543.8,6462.98,6487.16,3672860000,0,0
2018-10-23,6472.36,6506.01,6451.27,6475.74,3716150000,0,0
2018-10-24,6478.89,6521.99,6468.86,6495.84,3424670000,0,0
2018-10-25,6484.65,6504.65,6447.03,6476.29,3230550000,0,0
2018-10-26,6468.44,6498.29,6449.61,6474.75,3306050000,0,0
2018-10-27,6480.84,6507.41,6453.53,6480.38,3393250000,0,0
2018-10-28,6482.66,6502.28,6447.91,6486.39,3445190000,0,0
2018-10-29,6492.35,6503.6,6306.99,6332.63,4199910000,0,0
2018-10-30,6337.04,6364.99,6310.14,6334.27,3781100000,0,0
2018-10-31,6336.99,6349.16,6316.88,6317.61,4191240000,0,0
2018-11-01,6318.14,6547.14,6311.83,6377.78,3789400000,0,0
2018-11-02,6378.92,6396.86,6327.38,6388.44,4234870000,0,0
2018-11-03,6387.24,6400.07,6342.37,6361.26,3658640000,0,0
2018-11-04,6365.47,6388.63,6294.57,6376.13,4390020000,0,0
2018-11-05,6363.62,6480.59,6363.62,6419.66,4174800000,0,0
2018-11-06,6433.38,6463.55,6408.16,6461.01,4700040000,0,0
2018-11-07,6468.5,6552.16,6468.31,6530.14,4941260000,0,0
2018-11-08,6522.27,6536.92,6438.53,6453.72,4665260000,0,0
2018-11-09,6442.6,6456.46,6373.37,6385.62,4346820000,0,0
2018-11-11,6413.63,6423.25,6350.17,6411.27,3939060000,0,0
2018-11-12,6411.76,6434.21,6360.47,6371.27,4295770000,0,0
2018-11-13,6373.19,6395.27,6342.67,6359.49,4503800000,0,0
2018-11-14,6351.24,6371.55,5544.09,5738.35,7398940000,0,0
2018-11-15,5736.15,5774.82,5358.38,5648.03,7032140000,0,0
2018-11-16,5645.32,5657.02,5498.94,5575.55,5279320000,0,0
2018-11-17,5578.58,5578.58,5519.56,5554.33,4303150000,0,0
2018-11-18,5559.74,5653.61,5559.74,5623.54,4159680000,0,0
2018-11-19,5620.78,5620.78,4842.91,4871.49,7039560000,0,0
2018-11-20,4863.93,4951.61,4272.11,4451.87,8428290000,0,0
2018-11-21,4465.54,4675.73,4343.98,4602.17,6120120000,0,0
2018-11-22,4611.57,4629.64,4365.64,4365.94,4569370000,0,0
2018-11-23,4360.7,4396.42,4195.68,4347.11,4871490000,0,0
2018-11-24,4347.69,4413.09,3795.16,3880.76,4679500000,0,0
2018-11-26,4015.07,4107.14,3643.92,3779.13,6476900000,0,0
2018-11-27,3765.95,3862.96,3661.01,3820.72,5998720000,0,0
2018-11-28,3822.47,4385.9,3822.47,4257.42,7280280000,0,0
2018-11-29,4269.0,4413.02,4145.77,4278.85,6503347767,0,0
2018-11-30,4289.09,4322.98,3942.82,4017.27,6048016717,0,0
2018-12-01,4024.46,4309.38,3969.71,4214.67,5375314093,0,0
2018-12-02,4200.73,4301.52,4110.98,4139.88,5262697895,0,0
2018-12-03,4147.32,4155.98,3840.45,3894.13,5089570994,0,0
2018-12-04,3886.29,4075.63,3832.75,3956.89,5028069239,0,0
2018-12-05,3958.89,3969.54,3753.99,3753.99,5302481574,0,0
2018-12-06,3754.07,3874.97,3521.1,3521.1,5878333109,0,0
2018-12-07,3512.59,3512.59,3280.23,3419.94,6835615448,0,0
2018-12-08,3421.91,3506.04,3350.65,3476.11,5305024497,0,0
2018-12-09,3473.23,3685.31,3469.09,3614.23,4947372847,0,0
2018-12-10,3612.05,3647.33,3470.14,3502.66,5020968740,0,0
2018-12-11,3497.55,3513.19,3392.25,3424.59,4696765188,0,0
2018-12-12,3421.46,3534.23,3413.48,3486.95,4139364829,0,0
2018-12-13,3487.88,3489.74,3298.13,3313.68,4343372456,0,0
2018-12-14,3311.75,3329.56,3206.54,3242.48,4372763663,0,0
2018-12-15,3244.0,3275.38,3191.3,3236.76,3551763561,0,0
2018-12-16,3236.27,3305.75,3233.82,3252.84,3744248994,0,0
2018-12-17,3253.12,3597.92,3253.12,3545.86,5409247918,0,0
2018-12-19,3706.82,3949.32,3687.23,3745.95,6810689119,0,0
2018-12-20,3742.2,4191.23,3728.97,4134.44,8927129279,0,0
2018-12-21,4133.7,4198.43,3850.95,3896.54,7206015706,0,0
2018-12-22,3898.08,4014.18,3855.74,4014.18,5605823233,0,0
2018-12-23,4020.99,4085.72,3976.41,3998.98,6151275490,0,0
2018-12-24,4000.33,4271.79,4000.33,4078.6,7240968501,0,0
2018-12-25,4081.03,4089.56,3760.02,3815.49,6158207293,0,0
2018-12-26,3819.67,3893.36,3769.86,3857.3,5326547918,0,0
2018-12-27,3854.69,3874.42,3645.45,3654.83,5130222366,0,0
2018-12-28,3653.13,3956.14,3642.63,3923.92,5631554348,0,0
2018-12-29,3932.49,3963.76,3820.41,3820.41,4991655917,0,0
2018-12-30,3822.38,3901.91,3797.22,3865.95,4770578575,0,0
2018-12-31,3866.84,3868.74,3725.87,3742.7,4661840806,0,0
2019-01-01,3746.71,3850.91,3707.23,3843.52,4324200990,0,0
2019-01-03,3931.05,3935.69,3826.22,3836.74,4530215219,0,0
2019-01-04,3832.04,3865.93,3783.85,3857.72,4847965467,0,0
2019-01-05,3851.97,3904.9,3836.9,3845.19,5137609824,0,0
2019-01-06,3836.52,4093.3,3826.51,4076.63,5597027440,0,0
2019-01-07,4078.58,4092.61,4020.89,4025.25,5228625637,0,0
2019-01-08,4028.47,4109.02,3996.96,4030.85,5306593305,0,0
2019-01-09,4031.55,4068.4,4022.66,4035.3,5115905225,0,0
2019-01-10,4034.41,4064.07,3659.17,3678.92,6874143796,0,0
2019-01-11,3674.02,3713.88,3653.07,3687.37,5538712865,0,0
2019-01-12,3686.97,3698.98,3653.81,3661.3,4778170883,0,0
2019-01-13,3658.87,3674.76,3544.93,3552.95,4681302466,0,0
2019-01-14,3557.31,3727.84,3552.29,3706.05,5651384490,0,0
2019-01-15,3704.22,3720.15,3619.95,3630.68,5537192302,0,0
2019-01-16,3631.51,3685.78,3624.67,3655.01,5394457145,0,0
2019-01-18,3677.99,3682.52,3637.08,3657.84,5002961727,0,0
2019-01-19,3652.38,3758.53,3652.38,3728.57,5955691380,0,0
2019-01-20,3725.45,3743.39,3583.02,3601.01,5582489560,0,0
2019-01-21,3600.37,3608.84,3558.54,3576.03,5004347059,0,0
2019-01-22,3575.08,3620.75,3539.72,3604.58,5313623556,0,0
2019-01-23,3605.56,3623.07,3565.31,3585.12,5433755649,0,0
2019-01-24,3584.5,3616.09,3569.09,3600.87,5262869046,0,0
2019-01-25,3607.39,3612.93,3575.6,3599.77,5265847539,0,0
2019-01-26,3599.72,3654.93,3593.35,3602.46,5098183235,0,0
2019-01-27,3604.69,3612.67,3567.25,3583.97,5570752966,0,0
2019-01-28,3584.28,3586.75,3439.23,3470.45,6908930483,0,0
2019-01-29,3468.87,3476.07,3400.82,3448.12,5897159493,0,0
2019-01-30,3443.9,3495.17,3429.39,3486.18,5955112627,0,0
2019-01-31,3485.41,3504.8,3447.92,3457.79,5831198271,0,0
2019-02-02,3484.63,3523.29,3467.57,3521.06,5071623601,0,0
2019-02-03,3516.14,3521.39,3447.92,3464.01,5043937584,0,0
2019-02-04,3467.21,3476.22,3442.59,3459.15,5332718886,0,0
2019-02-05,3454.95,3478.15,3451.94,3466.36,5227549545,0,0
2019-02-06,3469.09,3469.09,3398.57,3413.77,5482196038,0,0
2019-02-07,3414.93,3427.95,3394.22,3399.47,5004962683,0,0
2019-02-08,3401.38,3695.61,3391.02,3666.78,7735623101,0,0
2019-02-10,3673.2,3695.04,3640.98,3690.19,6282256903,0,0
2019-02-11,3695.61,3695.61,3642.29,3648.43,6277056434,0,0
2019-02-13,3653.6,3669.75,3617.25,3632.07,6438903823,0,0
2019-02-14,3631.17,3646.26,3607.7,3616.88,6271044418,0,0
2019-02-15,3617.37,3647.8,3608.21,3620.81,6091952231,0,0
2019-02-17,3633.36,3680.54,3619.18,3673.84,7039512503,0,0
2019-02-18,3671.37,3936.67,3669.98,3915.71,9908216640,0,0
2019-02-20,3946.69,4000.49,3926.25,3999.82,8693373948,0,0
2019-02-21,4000.26,4010.01,3940.11,3954.12,7775128102,0,0
2019-02-22,3952.41,4006.54,3950.82,4005.53,7826525254,0,0
2019-02-23,3998.92,4166.29,3968.73,4142.53,8922258316,0,0
2019-02-24,4145.46,4210.64,3793.71,3810.43,10794227451,0,0
2019-02-25,3807.0,3913.71,3807.0,3882.7,9318796067,0,0
2019-02-26,3878.7,3891.58,3837.99,3854.36,7931218996,0,0
2019-02-27,3857.48,3888.8,3787.06,3851.05,8301309684,0,0
2019-02-28,3848.26,3906.06,3845.82,3854.79,8399767798,0,0
2019-03-01,3853.76,3907.8,3851.69,3859.58,7661247975,0,0
2019-03-03,3862.27,3875.48,3836.91,3847.18,7253558152,0,0
2019-03-04,3845.09,3867.38,3733.75,3761.56,9029175788,0,0
2019-03-05,3759.83,3903.92,3745.18,3896.38,10174126415,0,0
2019-03-06,3897.08,3919.51,3871.46,3903.94,9175291529,0,0
2019-03-07,3903.38,3939.37,3894.11,3911.48,9584165519,0,0
2019-03-08,3913.23,3950.43,3875.23,3901.13,10638638944,0,0
2019-03-10,3966.17,3966.17,3924.38,3951.6,9713267607,0,0
2019-03-11,3953.74,3966.38,3889.24,3905.23,10125901903,0,0
2019-03-12,3903.76,3926.89,3863.56,3909.16,9809887079,0,0
2019-03-13,3913.05,3926.6,3891.9,3906.72,9469184841,0,0
2019-03-14,3905.58,3946.5,3901.3,3924.37,10480789570,0,0
2019-03-15,3926.66,3968.54,3914.02,3960.91,9394210605,0,0
2019-03-17,4047.72,4054.12,4006.41,4025.23,8221625400,0,0
2019-03-19,4032.69,4082.22,4023.81,4071.19,9344919956,0,0
2019-03-20,4070.79,4089.46,4031.11,4087.48,10175916388,0,0
2019-03-21,4083.95,4097.36,4005.15,4029.33,10831212662,0,0
2019-03-22,4028.51,4053.91,4021.54,4023.97,9252935969,0,0
2019-03-23,4022.71,4049.88,4015.96,4035.83,9578850549,0,0
2019-03-24,4035.16,4040.7,4006.19,4022.17,9144851065,0,0
2019-03-25,4024.11,4038.84,3934.03,3963.07,10359818883,0,0
2019-03-26,3969.23,3985.08,3944.75,3985.08,10707678815,0,0
2019-03-27,3984.24,4087.07,3977.81,4087.07,10897131934,0,0
2019-03-28,4087.58,4094.9,4040.27,4069.11,9353915899,0,0
2019-03-29,4068.3,4113.5,4034.1,4098.37,10918665557,0,0
2019-03-30,4092.14,4296.81,4053.91,4106.66,9732688060,0,0
2019-03-31,4105.46,4113.02,4094.1,4105.4,9045122443,0,0
2019-04-01,4105.36,4164.95,4096.9,4158.18,10157794171,0,0
2019-04-02,4156.92,4905.95,4155.32,4879.88,21315047816,0,0
2019-04-03,4879.96,5307.0,4876.62,4973.02,22899891582,0,0
2019-04-04,4971.31,5063.16,4836.79,4922.8,18251810240,0,0
2019-04-05,4922.81,5053.51,4919.49,5036.68,16837325387,0,0
2019-04-06,5036.79,5205.82,4992.22,5059.82,16929795194,0,0
2019-04-07,5062.79,5235.19,5050.41,5198.9,16655416140,0,0
2019-04-08,5199.84,5318.84,5148.21,5289.77,17154113634,0,0
2019-04-09,5289.92,5289.92,5167.42,5204.96,14722104361,0,0
2019-04-10,5204.11,5421.65,5193.38,5324.55,15504590933,0,0
2019-04-11,5325.08,5354.23,5017.3,5064.49,16555616019,0,0
2019-04-13,5088.85,5127.12,5061.59,5096.59,10823289598,0,0
2019-04-14,5095.76,5184.02,5053.57,5167.72,10391952498,0,0
2019-04-16,5066.58,5238.95,5055.19,5235.56,11618660197,0,0
2019-04-17,5236.14,5274.28,5219.21,5251.94,12438480677,0,0
2019-04-18,5251.48,5319.99,5250.51,5298.39,13256489918,0,0
2019-04-19,5298.15,5336.68,5233.33,5303.81,13780238655,0,0
2019-04-20,5304.16,5358.49,5295.88,5337.89,13169647522,0,0
2019-04-23,5399.37,5633.8,5389.41,5572.36,15867308108,0,0
2019-04-24,5571.51,5642.04,5418.26,5464.87,17048033399,0,0
2019-04-25,5466.52,5542.24,5181.34,5210.52,15330283408,0,0
2019-04-26,5210.3,5383.63,5177.37,5279.35,16812108040,0,0
2019-04-28,5271.75,5326.23,5255.68,5285.14,12819992056,0,0
2019-04-30,5247.73,5363.26,5224.19,5350.73,13878964574,0,0
2019-05-01,5350.91,5418.0,5347.65,5402.7,13679528236,0,0
2019-05-02,5402.42,5522.26,5394.22,5505.28,14644460907,0,0
2019-05-03,5505.55,5865.88,5490.2,5768.29,18720780006,0,0
2019-05-06,5791.69,5802.96,5653.69,5746.81,15737171804,0,0
2019-05-07,5745.6,5988.18,5741.4,5829.5,18026409033,0,0
2019-05-08,5849.48,5989.98,5794.72,5982.46,15320605300,0,0
2019-05-10,6175.82,6434.62,6161.52,6378.85,19419875368,0,0
2019-05-11,6379.67,7333.0,6375.7,7204.77,28867562329,0,0
2019-05-12,7203.51,7503.87,6815.77,6972.37,27773333680,0,0
2019-05-13,6971.18,8047.41,6898.28,7814.92,28677672181,0,0
2019-05-14,7807.88,8268.71,7696.39,7994.42,32031452227,0,0
2019-05-15,7989.37,8216.42,7899.11,8205.17,28344112920,0,0
2019-05-16,8194.5,8320.82,7729.61,7884.91,33167197581,0,0
2019-05-17,7886.93,7929.15,7038.12,7343.9,30066644905,0,0
2019-05-18,7341.66,7447.27,7251.5,7271.21,21354286562,0,0
2019-05-19,7267.96,8261.94,7267.96,8197.69,25902422040,0,0
2019-05-20,8196.92,8200.97,7678.78,7978.31,23843404340,0,0
2019-05-22,7956.29,7997.61,7615.99,7680.07,24719473175,0,0
2019-05-23,7677.27,7943.79,7533.2,7881.85,24457107820,0,0
2019-05-24,7881.7,8140.72,7824.45,7987.37,25919126991,0,0
2019-05-25,7991.89,8117.93,7965.98,8052.54,22256813107,0,0
2019-05-26,8055.21,8687.52,7924.67,8673.22,26677970091,0,0
2019-05-27,8674.07,8907.17,8668.71,8805.78,27949839564,0,0
2019-05-28,8802.76,8807.02,8634.72,8719.96,24226919267,0,0
2019-05-29,8718.59,8755.85,8482.73,8659.49,23473479966,0,0
2019-05-30,8661.76,9008.31,8221.27,8319.47,29246528551,0,0
2019-05-31,8320.29,8586.66,8172.55,8574.5,25365190957,0,0
2019-06-01,8573.84,8625.6,8481.58,8564.02,22488303544,0,0
2019-06-02,8565.47,8809.3,8561.24,8742.96,20266216022,0,0
2019-06-03,8741.75,8743.5,8204.19,8209.0,22004511436,0,0
2019-06-04,8210.99,8210.99,7564.49,7707.77,24609731549,0,0
2019-06-05,7704.34,7901.85,7668.67,7824.23,21760923463,0,0
2019-06-06,7819.63,7937.34,7571.47,7822.02,19474611077,0,0
2019-06-07,7826.9,8126.15,7788.37,8043.95,19141423231,0,0
2019-06-08,8036.77,8076.89,7837.61,7954.13,16522722810,0,0
2019-06-09,7949.67,7975.97,7583.22,7688.08,16610726547,0,0
2019-06-10,7692.28,8031.91,7586.73,8000.33,18689275117,0,0
2019-06-11,8004.24,8026.39,7772.8,7927.71,17107279932,0,0
2019-06-12,7925.43,8196.65,7862.36,8145.86,19034432883,0,0
2019-06-13,8145.55,8311.57,8087.06,8230.92,18669407147,0,0
2019-06-14,8230.9,8710.64,8183.39,8693.83,19831162906,0,0
2019-06-15,8689.75,8859.13,8618.4,8838.38,18371033226,0,0
2019-06-17,8988.92,9416.41,8988.92,9320.35,15562951919,0,0
2019-06-18,9335.47,9348.37,9004.9,9081.76,15848210536,0,0
2019-06-19,9078.73,9299.62,9070.4,9273.52,15546809946,0,0
2019-06-20,9273.06,9594.42,9232.48,9527.16,17846823784,0,0
2019-06-21,9525.07,10144.56,9525.07,10144.56,20624008643,0,0
2019-06-22,10175.92,11157.35,10107.04,10701.69,29995204861,0,0
2019-06-23,10696.69,11246.14,10556.1,10855.37,20998326502,0,0
2019-06-24,10853.74,11065.9,10610.43,11011.1,19271652365,0,0
2019-06-26,11778.58,13796.49,11755.6,13016.23,45105733173,0,0
2019-06-27,13017.12,13311.14,10491.85,11182.81,39977475223,0,0
2019-06-29,12400.76,12400.91,11508.38,11959.37,29923961128,0,0
2019-06-30,11931.99,12178.38,10799.01,10817.16,27256473494,0,0
2019-07-01,10796.93,11206.44,10089.31,10583.13,29378589324,0,0
2019-07-02,10588.68,10912.19,9737.88,10801.68,31015895223,0,0
2019-07-04,11972.72,12006.08,11166.57,11215.44,25920294033,0,0
2019-07-05,11203.1,11395.66,10874.96,10978.46,23838480210,0,0
2019-07-06,10982.54,11620.96,10982.54,11208.55,21092024306,0,0
2019-07-07,11217.62,11541.62,11148.8,11450.85,19369044277,0,0
2019-07-09,12284.33,12779.13,12233.26,12573.81,28167921523,0,0
2019-07-10,12571.54,13129.53,11710.98,12156.51,33627574244,0,0
2019-07-11,12139.71,12144.62,11158.92,11358.66,28595327690,0,0
2019-07-12,11354.3,11905.49,11179.14,11815.99,23534692797,0,0
2019-07-14,11381.02,11451.2,10234.58,10256.06,22486000001,0,0
2019-07-15,10257.84,11052.77,9992.01,10895.09,25384047207,0,0
2019-07-16,10896.65,10996.63,9448.11,9477.64,24151199070,0,0
2019-07-17,9471.21,9963.13,9163.13,9693.8,24569921549,0,0
2019-07-18,9698.5,10736.84,9376.8,10666.48,25187024648,0,0
2019-07-19,10653.96,10716.98,10229.63,10530.73,20727426310,0,0
2019-07-20,10525.82,11048.66,10451.28,10767.14,20206615155,0,0
2019-07-21,10777.53,10841.89,10389.6,10599.11,17130580467,0,0
2019-07-22,10596.95,10651.79,10154.92,10343.11,16334414913,0,0
2019-07-23,10346.75,10346.75,9883.59,9900.77,17851916995,0,0
2019-07-24,9887.73,9908.8,9614.31,9811.93,17398734322,0,0
2019-07-25,9809.1,10154.25,9773.96,9911.84,15821952090,0,0
2019-07-26,9913.13,9916.52,9717.98,9870.3,14495714483,0,0
2019-07-27,9871.17,10167.32,9411.52,9477.68,16817809536,0,0
2019-07-28,9491.63,9575.54,9252.3,9552.86,13738687093,0,0
2019-07-29,9548.18,9681.65,9472.95,9519.15,13791445323,0,0
2019-07-31,9604.05,10085.63,9598.1,10085.63,16631520648,0,0
2019-08-01,10077.44,10446.92,9922.02,10399.67,17165337858,0,0
2019-08-02,10402.04,10657.95,10371.01,10518.17,17489094082,0,0
2019-08-03,10519.28,10946.78,10503.5,10821.73,15352685061,0,0
2019-08-04,10821.63,11009.21,10620.28,10970.18,16530894787,0,0
2019-08-05,10960.74,11895.09,10960.74,11805.65,23875988832,0,0
2019-08-06,11811.54,12273.82,11290.73,11478.17,23635107660,0,0
2019-08-07,11476.19,12036.99,11433.7,11941.97,22194988641,0,0
2019-08-08,11954.04,11979.42,11556.17,11966.41,19481591730,0,0
2019-08-09,11953.47,11970.46,11709.75,11862.94,18339989960,0,0
2019-08-10,11861.56,11915.66,11323.9,11354.02,18125355447,0,0
2019-08-11,11349.74,11523.58,11248.29,11523.58,15774371518,0,0
2019-08-12,11528.19,11528.19,11320.95,11382.62,13647198229,0,0
2019-08-13,11385.05,11420.05,10830.33,10895.83,16681503537,0,0
2019-08-14,10889.49,10889.56,10028.14,10051.7,19990838300,0,0
2019-08-15,10038.42,10437.41,9675.32,10311.55,22899115082,0,0
2019-08-16,10319.42,10524.35,9855.48,10374.34,20228207096,0,0
2019-08-18,10233.01,10487.07,10119.09,10345.81,12999813869,0,0
2019-08-19,10350.28,10916.05,10313.2,10916.05,16038264603,0,0
2019-08-20,10916.35,10947.04,10618.96,10763.23,15053082175,0,0
2019-08-21,10764.57,10798.73,9962.72,10138.05,19473084768,0,0
2019-08-22,10142.52,10233.0,9831.46,10131.06,17097508856,0,0
2019-08-23,10136.31,10442.44,10078.19,10407.96,15627023886,0,0
2019-08-24,10407.64,10418.02,9982.3,10159.96,15451030650,0,0
2019-08-26,10126.3,10512.33,10126.3,10370.82,18438654080,0,0
2019-08-27,10372.83,10381.33,10087.3,10185.5,14762609503,0,0
2019-08-28,10203.43,10279.37,9716.66,9754.42,17603790323,0,0
2019-08-29,9756.79,9756.79,9421.63,9510.2,17045878501,0,0
2019-08-30,9514.84,9656.12,9428.3,9598.17,13595263986,0,0
2019-08-31,9597.54,9673.22,9531.8,9630.66,11454806419,0,0
2019-09-01,9630.59,9796.76,9582.94,9757.97,11445355859,0,0
2019-09-03,10345.73,10736.1,10308.55,10623.54,19384917989,0,0
2019-09-04,10621.18,10762.64,10434.71,10594.49,16742664769,0,0
2019-09-05,10588.18,10627.27,10516.42,10575.53,14551239508,0,0
2019-09-06,10578.2,10898.76,10292.3,10353.3,19536574783,0,0
2019-09-07,10353.93,10558.67,10348.92,10517.25,15307366476,0,0
2019-09-08,10518.11,10595.64,10409.09,10441.28,13670567493,0,0
2019-09-09,10443.23,10450.31,10144.93,10334.97,17595943368,0,0
2019-09-10,10336.41,10394.35,10020.57,10115.98,14906809639,0,0
2019-09-11,10123.04,10215.95,9980.78,10178.37,15428063426,0,0
2019-09-12,10176.82,10442.25,10099.24,10410.13,15323563925,0,0
2019-09-13,10415.36,10441.49,10226.6,10360.55,14109864675,0,0
2019-09-14,10345.4,10422.13,10291.69,10358.05,13468713124,0,0
2019-09-15,10356.47,10387.04,10313.09,10347.71,12043433567,0,0
2019-09-17,10281.51,10296.77,10199.74,10241.27,15304603363,0,0
2019-09-19,10200.5,10295.67,9851.69,10266.42,19937691247,0,0
2019-09-20,10266.32,10285.87,10132.19,10181.64,14734189639,0,0
2019-09-21,10183.65,10188.1,10000.71,10019.72,13425266806,0,0
2019-09-22,10024.12,10074.44,9922.53,10070.39,13199651698,0,0
2019-09-23,10067.96,10074.24,9727.14,9729.32,15144925408,0,0
2019-09-24,9729.32,9804.32,8370.8,8620.57,25002886689,0,0
2019-09-25,8603.43,8744.83,8325.4,8486.99,21744728353,0,0
2019-09-27,8113.1,8271.52,7965.92,8251.85,16408941156,0,0
2019-09-28,8251.27,8285.62,8125.43,8245.92,14141152736,0,0
2019-09-29,8246.04,8261.71,7990.5,8104.19,13034629109,0,0
2019-09-30,8104.23,8314.23,7830.76,8293.87,17115474183,0,0
2019-10-01,8299.72,8497.69,8232.68,8343.28,15305343413,0,0
2019-10-02,8344.21,8393.04,8227.7,8393.04,13125712443,0,0
2019-10-03,8390.77,8414.23,8146.44,8259.99,13668823409,0,0
2019-10-05,8210.15,8215.53,8071.12,8151.5,12200497197,0,0
2019-10-06,8149.88,8161.41,7958.85,7988.16,13160830305,0,0
2019-10-07,7989.12,8308.45,7905.77,8245.62,18009742607,0,0
2019-10-08,8246.85,8332.71,8185.76,8228.78,15592264032,0,0
2019-10-09,8229.84,8627.71,8169.3,8595.74,19384942333,0,0
2019-10-10,8585.28,8625.27,8471.93,8586.47,17618660671,0,0
2019-10-11,8585.26,8721.78,8316.18,8321.76,19604381101,0,0
2019-10-12,8315.67,8415.24,8313.34,8336.56,14532641605,0,0
2019-10-13,8336.9,8470.99,8276.61,8321.01,13808286059,0,0
2019-10-14,8320.83,8390.21,8284.13,8374.69,15151387859,0,0
2019-10-17,8047.81,8134.83,8000.94,8103.91,14313052244,0,0
2019-10-19,7973.8,8082.63,7944.78,7988.56,13797825640,0,0
2019-10-20,7997.81,8281.82,7949.44,8222.08,15504249442,0,0
2019-10-21,8225.12,8296.69,8196.42,8243.72,15868748866,0,0
2019-10-22,8243.4,8296.65,8074.46,8078.2,16803377857,0,0
2019-10-23,8076.23,8093.0,7469.32,7514.67,21942878958,0,0
2019-10-24,7509.73,7532.87,7446.99,7493.49,16268708849,0,0
2019-10-25,7490.7,8691.54,7479.98,8660.7,28705065488,0,0
2019-10-26,8667.58,10021.74,8662.62,9244.97,44496255609,0,0
2019-10-27,9241.71,9749.53,9112.54,9551.71,32593129501,0,0
2019-10-29,9248.44,9516.18,9232.65,9427.69,28426779937,0,0
2019-10-30,9422.46,9426.87,9085.37,9205.73,27706531577,0,0
2019-10-31,9202.46,9383.16,9028.72,9199.58,26583653947,0,0
2019-11-01,9193.99,9275.66,9132.05,9261.1,24324691031,0,0
2019-11-02,9259.78,9377.49,9249.59,9324.72,21242676385,0,0
2019-11-03,9324.79,9379.81,9141.25,9235.35,21132220847,0,0
2019-11-04,9235.61,9505.05,9191.49,9412.61,26170255634,0,0
2019-11-06,9340.86,9423.24,9305.91,9360.88,23133895765,0,0
2019-11-07,9352.39,9368.48,9202.35,9267.56,22700383839,0,0
2019-11-08,9265.37,9272.76,8775.53,8804.88,24333037836,0,0
2019-11-09,8809.47,8891.82,8793.16,8813.58,17578630606,0,0
2019-11-10,8812.49,9103.83,8806.16,9055.53,20587919881,0,0
2019-11-11,9056.92,9081.28,8700.61,8757.79,20265510765,0,0
2019-11-12,8759.75,8853.77,8685.43,8815.66,20309769107,0,0
2019-11-13,8812.03,8836.84,8761.65,8808.26,17545755405,0,0
2019-11-14,8811.94,8826.94,8692.55,8708.09,19084739975,0,0
2019-11-15,8705.71,8730.87,8484.84,8491.99,21796856471,0,0
2019-11-16,8491.17,8592.0,8473.97,8550.76,16495389808,0,0
2019-11-17,8549.47,8727.79,8500.97,8577.98,18668638897,0,0
2019-11-18,8573.98,8653.28,8273.57,8309.29,21579470673,0,0
2019-11-19,8305.13,8408.52,8099.96,8206.15,21083613816,0,0
2019-11-20,8203.61,8237.24,8010.51,8027.27,20764300437,0,0
2019-11-21,8023.64,8110.1,7597.38,7642.75,22514243371,0,0
2019-11-22,7643.57,7697.38,6936.71,7296.58,34242315785,0,0
2019-11-23,7296.16,7442.26,7151.42,7397.8,21008924418,0,0
2019-11-24,7398.63,7408.58,7029.29,7047.92,30433517289,0,0
2019-11-25,7039.98,7319.86,6617.17,7146.13,42685231262,0,0
2019-11-26,7145.16,7320.23,7098.57,7218.37,21129505542,0,0
2019-11-27,7220.88,7619.69,6974.17,7531.66,23991412764,0,0
2019-11-28,7536.82,7730.07,7454.12,7463.11,19050116751,0,0
2019-11-29,7466.73,7781.18,7460.76,7761.24,19709695456,0,0
2019-11-30,7764.06,7836.1,7515.85,7569.63,17158194786,0,0
2019-12-01,7571.62,7571.62,7291.34,7424.29,18720708479,0,0
2019-12-02,7424.04,7474.82,7233.4,7321.99,17082040706,0,0
2019-12-03,7323.98,7418.86,7229.36,7320.15,14797485769,0,0
2019-12-04,7320.12,7539.78,7170.92,7252.03,21664240918,0,0
2019-12-05,7253.24,7743.43,7232.68,7448.31,18816085231,0,0
2019-12-06,7450.56,7547.0,7392.18,7547.0,18104466307,0,0
2019-12-07,7547.27,7589.95,7525.71,7556.24,15453520564,0,0
2019-12-08,7551.34,7634.61,7476.09,7564.35,15409908086,0,0
2019-12-09,7561.8,7618.09,7365.99,7400.9,17872021272,0,0
2019-12-10,7397.13,7424.02,7246.04,7278.12,18249031195,0,0
2019-12-11,7277.2,7324.16,7195.53,7217.43,16350490689,0,0
2019-12-12,7216.74,7266.64,7164.74,7243.13,18927080224,0,0
2019-12-13,7244.66,7293.56,7227.12,7269.68,17125736940,0,0
2019-12-15,7124.24,7181.08,6924.38,7152.3,16881129804,0,0
2019-12-16,7153.66,7171.17,6903.68,6932.48,20213265950,0,0
2019-12-19,7277.59,7346.6,7041.38,7202.84,25904604416,0,0
2019-12-20,7208.64,7257.92,7086.12,7218.82,22633815180,0,0
2019-12-21,7220.59,7223.23,7112.74,7191.16,19312552168,0,0
2019-12-22,7191.19,7518.03,7167.18,7511.59,23134537956,0,0
2019-12-23,7508.9,7656.18,7326.19,7355.63,27831788041,0,0
2019-12-24,7354.39,7535.72,7269.53,7322.53,22991622105,0,0
2019-12-26,7274.8,7388.3,7200.39,7238.97,22787010034,0,0
2019-12-27,7238.14,7363.53,7189.93,7290.09,22777360996,0,0
2019-12-28,7289.03,7399.04,7286.91,7317.99,21365673026,0,0
2019-12-29,7317.65,7513.95,7279.87,7422.65,22445257702,0,0
2019-12-30,7420.27,7454.82,7276.31,7293.0,22874131672,0,0
2019-12-31,7294.44,7335.29,7169.78,7193.6,21167946112,0,0
2020-01-01,7194.89,7254.33,7174.94,7200.17,18565664997,0,0
2020-01-02,7202.55,7212.16,6935.27,6985.47,20802083465,0,0
2020-01-03,6984.43,7413.72,6915.0,7344.88,28111481032,0,0
2020-01-04,7345.38,7427.39,7309.51,7410.66,18444271275,0,0
2020-01-05,7410.45,7544.5,7400.54,7411.32,19725074095,0,0
2020-01-06,7410.45,7781.87,7409.29,7769.22,23276261598,0,0
2020-01-08,8161.94,8396.74,7956.77,8079.86,31672559265,0,0
2020-01-09,8082.3,8082.3,7842.4,7879.07,24045990466,0,0
2020-01-12,8033.26,8200.06,8009.06,8192.49,22903438381,0,0
2020-01-13,8189.77,8197.79,8079.7,8144.19,22482910688,0,0
2020-01-15,8825.34,8890.12,8657.19,8807.01,40102834650,0,0
2020-01-16,8812.48,8846.46,8612.1,8723.79,31313981931,0,0
2020-01-17,8725.21,8958.12,8677.32,8929.04,36372139320,0,0
2020-01-18,8927.21,9012.2,8827.33,8942.81,32337772627,0,0
2020-01-19,8941.45,9164.36,8620.08,8706.25,34217320471,0,0
2020-01-20,8704.63,8745.59,8560.47,8657.64,26422375678,0,0
2020-01-22,8744.21,8792.99,8636.75,8680.88,22600204051,0,0
2020-01-23,8680.65,8687.75,8333.64,8406.52,25770680779,0,0
2020-01-24,8405.57,8514.67,8266.84,8445.43,24397913026,0,0
2020-01-25,8440.12,8458.45,8296.22,8367.85,19647331549,0,0
2020-01-26,8364.41,8602.4,8325.5,8596.83,22177678796,0,0
2020-01-27,8597.31,8977.73,8597.31,8909.82,28647338393,0,0
2020-01-28,8912.52,9358.59,8908.45,9358.59,34398744403,0,0
2020-01-29,9357.47,9406.43,9269.47,9316.63,30682598115,0,0
2020-01-30,9316.02,9553.13,9230.9,9508.99,32378792851,0,0
2020-01-31,9508.31,9521.71,9230.78,9350.53,29432489719,0,0
2020-02-01,9346.36,9439.32,9313.24,9392.88,25922656496,0,0
2020-02-02,9389.82,9468.8,9217.82,9344.37,30835736946,0,0
2020-02-03,9344.68,9540.37,9248.63,9293.52,30934096509,0,0
2020-02-06,9617.82,9824.62,9539.82,9729.8,37628823716,0,0
2020-02-07,9726.0,9834.72,9726.0,9795.94,34522718159,0,0
2020-02-08,9793.07,9876.75,9678.91,9865.12,35172043762,0,0
2020-02-09,9863.89,10129.44,9850.39,10116.67,35807884663,0,0
2020-02-10,10115.56,10165.77,9784.56,9856.61,39386548075,0,0
2020-02-12,10202.39,10393.61,10202.39,10326.05,43444303830,0,0
2020-02-13,10323.96,10457.63,10116.16,10214.38,49356071373,0,0
2020-02-14,10211.55,10322.0,10125.53,10312.12,43338264162,0,0
2020-02-15,10313.86,10341.56,9874.43,9889.42,43865054831,0,0
2020-02-16,9889.18,10053.97,9722.39,9934.43,43374780305,0,0
2020-02-17,9936.56,9938.82,9507.64,9690.14,45998298413,0,0
2020-02-18,9691.23,10161.94,9632.38,10142.0,47271023953,0,0
2020-02-19,10143.8,10191.68,9611.22,9633.39,46992019710,0,0
2020-02-20,9629.33,9643.22,9507.9,9608.48,44925260237,0,0
2020-02-21,9611.78,9723.01,9589.74,9686.44,40930547513,0,0
2020-02-24,9921.58,9951.75,9537.04,9650.17,45080496648,0,0
2020-02-25,9651.31,9652.74,9305.02,9341.71,42515259129,0,0
2020-02-26,9338.29,9354.78,8704.43,8820.52,50420050762,0,0
2020-02-27,8825.09,8932.89,8577.2,8784.49,45470195695,0,0
2020-02-28,8788.73,8890.46,8492.93,8672.46,44605450443,0,0
2020-02-29,8671.21,8775.63,8599.51,8599.51,35792392544,0,0
2020-03-01,8599.76,8726.8,8471.21,8562.45,35349164300,0,0
2020-03-02,8563.26,8921.31,8532.63,8869.67,42857674409,0,0
2020-03-03,8865.39,8901.6,8704.99,8787.79,42386715821,0,0
2020-03-04,8788.54,8843.37,8712.43,8755.25,34746706368,0,0
2020-03-05,8760.29,9142.05,8757.25,9078.76,39698054597,0,0
2020-03-06,9078.31,9167.7,9032.08,9122.55,40826885651,0,0
2020-03-07,9121.6,9163.22,8890.74,8909.95,36216930370,0,0
2020-03-08,8908.21,8914.34,8105.25,8108.12,39973102121,0,0
2020-03-09,8111.15,8177.79,7690.1,7923.64,46936995808,0,0
2020-03-10,7922.15,8136.95,7814.76,7909.73,42213940994,0,0
2020-03-11,7910.09,7950.81,7642.81,7911.43,38682762605,0,0
2020-03-12,7913.62,7929.12,4860.35,4970.79,53980357243,0,0
2020-03-13,5017.83,5838.11,4106.98,5563.71,74156772075,0,0
2020-03-14,5573.08,5625.23,5125.07,5200.37,36154506008,0,0
2020-03-15,5201.07,5836.65,5169.28,5392.31,33997889639,0,0
2020-03-16,5385.23,5385.23,4575.36,5014.48,45368026430,0,0
2020-03-17,5002.58,5371.35,4981.91,5225.63,38622642935,0,0
2020-03-18,5227.11,5331.83,5069.34,5238.44,37878801016,0,0
2020-03-19,5245.42,6329.74,5236.97,6191.19,51000731797,0,0
2020-03-20,6191.65,6844.26,5865.78,6198.78,54442976103,0,0
2020-03-22,6185.56,6359.7,5823.71,5830.25,40099664740,0,0
2020-03-23,5831.37,6443.93,5785.0,6416.31,46491916000,0,0
2020-03-24,6436.64,6789.02,6411.07,6734.8,48221910672,0,0
2020-03-25,6738.72,6892.51,6536.93,6681.06,44590107888,0,0
2020-03-26,6675.17,6735.46,6590.96,6716.44,35319797642,0,0
2020-03-27,6719.39,6793.84,6466.7,6469.8,34585598367,0,0
2020-03-28,6467.25,6467.5,6117.84,6242.19,34885225901,0,0
2020-03-30,5925.54,6517.2,5903.23,6429.84,37101651525,0,0
2020-03-31,6430.61,6504.52,6374.16,6438.64,32786468812,0,0
2020-04-01,6437.32,6612.57,6202.37,6606.78,40346426266,0,0
2020-04-02,6606.78,7088.25,6595.92,6793.62,47660646124,0,0
2020-04-03,6797.4,7003.22,6673.34,6733.39,38976504903,0,0
2020-04-04,6738.38,6878.95,6696.48,6867.53,33185988584,0,0
2020-04-05,6862.54,6883.41,6715.93,6791.13,29510409856,0,0
2020-04-06,6788.05,7271.78,6782.89,7271.78,46896904615,0,0
2020-04-07,7273.64,7427.94,7136.71,7176.41,44243482668,0,0
2020-04-08,7179.28,7356.22,7153.31,7334.1,37563249549,0,0
2020-04-09,7337.97,7341.45,7179.09,7302.09,34815139178,0,0
2020-04-10,7303.82,7303.82,6802.48,6865.49,43622840992,0,0
2020-04-11,6867.44,6926.07,6789.92,6859.08,31222085946,0,0
2020-04-12,6858.07,7119.95,6811.08,6971.09,35759567632,0,0
2020-04-13,6965.62,6965.62,6668.26,6845.04,38619308647,0,0
2020-04-14,6843.28,6958.56,6793.82,6842.43,34110434052,0,0
2020-04-15,6845.56,6928.66,6633.4,6642.11,32288311031,0,0
2020-04-16,6640.45,7134.45,6555.5,7116.8,46783242377,0,0
2020-04-18,7092.29,7269.96,7089.25,7257.67,32447188386,0,0
2020-04-19,7260.92,7280.52,7167.05,7189.42,31311210215,0,0
2020-04-20,7186.87,7240.29,6835.5,6881.96,37747113936,0,0
2020-04-21,6879.78,6934.55,6834.44,6880.32,32589741511,0,0
2020-04-22,6879.44,7145.87,6867.78,7117.21,33249153866,0,0
2020-04-23,7121.31,7491.79,7081.59,7429.72,43500782316,0,0
2020-04-24,7434.18,7574.2,7434.18,7550.9,34636526286,0,0
2020-04-25,7550.48,7641.36,7521.67,7569.94,32941541447,0,0
2020-04-27,7679.42,7795.6,7679.42,7795.6,36162144725,0,0
2020-04-29,7806.71,8871.75,7786.05,8801.04,60201052203,0,0
2020-04-30,8797.67,9440.65,8533.26,8658.55,66964629541,0,0
2020-05-01,8672.78,9048.02,8667.76,8864.77,44068389997,0,0
2020-05-02,8869.06,9007.19,8811.37,8988.6,40134388683,0,0
2020-05-04,8895.75,8956.91,8645.02,8912.65,45718796276,0,0
2020-05-05,8912.83,9062.42,8856.83,9003.07,43148462663,0,0
2020-05-06,9007.44,9411.47,8966.71,9268.76,49371886931,0,0
2020-05-07,9261.9,9992.66,9138.32,9951.52,61112700562,0,0
2020-05-08,9936.16,9996.74,9767.17,9842.67,51780748042,0,0
2020-05-09,9840.91,9913.86,9580.64,9593.9,46566121841,0,0
2020-05-10,9591.17,9595.58,8395.11,8756.43,63325279337,0,0
2020-05-11,8755.54,9033.47,8374.32,8601.8,57119858802,0,0
2020-05-12,8610.39,8949.9,8569.64,8804.48,42142717533,0,0
2020-05-13,8805.39,9317.88,8805.39,9269.99,45558144023,0,0
2020-05-14,9271.33,9793.27,9255.04,9733.72,56426907637,0,0
2020-05-15,9734.29,9755.83,9261.4,9328.2,48158802327,0,0
2020-05-16,9333.24,9564.21,9260.69,9377.01,36164766408,0,0
2020-05-17,9374.93,9823.0,9349.55,9670.74,40084250663,0,0
2020-05-18,9675.7,9906.03,9570.36,9726.58,41827139896,0,0
2020-05-20,9725.33,9804.79,9447.2,9522.98,36546239703,0,0
2020-05-22,9080.33,9232.94,9008.64,9182.58,29810773699,0,0
2020-05-23,9185.06,9302.5,9118.11,9209.29,27727866812,0,0
2020-05-25,8786.11,8951.01,8719.67,8906.93,31288157264,0,0
2020-05-26,8909.59,8991.97,8757.29,8835.05,29584186947,0,0
2020-05-29,9528.36,9573.67,9379.34,9439.12,32896642044,0,0
2020-05-30,9438.91,9704.03,9366.73,9700.41,32722975141,0,0
2020-05-31,9700.11,9700.34,9432.3,9461.06,27773290299,0,0
2020-06-01,9463.61,10199.57,9450.9,10167.27,35198901068,0,0
2020-06-02,10162.97,10182.34,9460.57,9529.8,39137252109,0,0
2020-06-04,9655.85,9887.61,9525.25,9800.64,25921805072,0,0
2020-06-05,9800.22,9869.24,9663.22,9665.53,23509628646,0,0
2020-06-06,9664.9,9773.43,9591.02,9653.68,20438419222,0,0
2020-06-08,9760.06,9782.31,9675.89,9771.49,21486346312,0,0
2020-06-09,9774.36,9836.37,9664.72,9795.7,23717842783,0,0
2020-06-10,9794.12,9908.9,9728.29,9870.09,25706567601,0,0
2020-06-11,9870.08,9938.3,9263.07,9321.78,30247143440,0,0
2020-06-12,9320.69,9540.47,9285.85,9480.84,22610564515,0,0
2020-06-13,9480.74,9493.21,9396.01,9475.28,17564322315,0,0
2020-06-14,9477.55,9482.27,9347.59,9386.79,18991732746,0,0
2020-06-15,9386.04,9504.86,8990.18,9450.7,26699704768,0,0
2020-06-16,9454.27,9579.43,9400.45,9538.02,21565537209,0,0
2020-06-17,9533.78,9540.42,9327.34,9480.25,20177709879,0,0
2020-06-19,9410.29,9440.88,9274.3,9288.02,19632223107,0,0
2020-06-20,9290.96,9394.97,9247.38,9332.34,17130541557,0,0
2020-06-21,9330.93,9401.11,9300.43,9303.63,15324301169,0,0
2020-06-22,9300.92,9655.07,9296.87,9648.72,21104009514,0,0
2020-06-24,9632.15,9680.37,9278.23,9313.61,18961716076,0,0
2020-06-25,9314.13,9340.16,9095.32,9264.81,18616048626,0,0
2020-06-26,9261.0,9310.52,9101.74,9162.92,18341465837,0,0
2020-06-27,9167.82,9207.81,8998.22,9045.39,17273093144,0,0
2020-06-28,9048.46,9197.55,8975.53,9143.58,14560870760,0,0
2020-06-29,9140.03,9237.57,9041.88,9190.85,16460547078,0,0
2020-06-30,9185.58,9217.84,9084.84,9137.99,15735797744,0,0
2020-07-01,9145.99,9309.75,9104.74,9228.33,15971550355,0,0
2020-07-02,9231.14,9274.96,9036.62,9123.41,16338916796,0,0
2020-07-04,9084.23,9183.3,9053.63,9132.49,12290528515,0,0
2020-07-05,9126.09,9162.18,8977.02,9073.94,12903406143,0,0
2020-07-06,9072.85,9375.47,9058.66,9375.47,17889263252,0,0
2020-07-07,9349.16,9360.62,9201.82,9252.28,13839652595,0,0
2020-07-09,9427.99,9431.38,9235.0,9277.97,18000702524,0,0
2020-07-10,9273.36,9287.47,9118.0,9278.81,16860035605,0,0
2020-07-11,9277.51,9293.53,9199.49,9240.35,13249910444,0,0
2020-07-12,9241.05,9319.42,9197.45,9276.5,14452361907,0,0
2020-07-13,9277.21,9306.41,9224.29,9243.61,17519821266,0,0
2020-07-14,9238.7,9283.84,9171.66,9243.21,18085038362,0,0
2020-07-16,9191.98,9214.31,9088.95,9132.23,15713967523,0,0
2020-07-17,9131.81,9182.25,9089.2,9151.39,13944570749,0,0
2020-07-18,9151.18,9230.98,9100.82,9159.04,12252601475,0,0
2020-07-19,9158.01,9201.4,9097.63,9185.82,12939002784,0,0
2020-07-20,9187.22,9214.27,9137.51,9164.23,13755604146,0,0
2020-07-21,9162.51,9407.26,9149.39,9374.89,18069581956,0,0
2020-07-22,9375.08,9530.52,9319.65,9525.36,16532254884,0,0
2020-07-24,9585.51,9623.34,9481.45,9536.89,16552768325,0,0
2020-07-25,9539.49,9704.56,9530.21,9677.11,16610070933,0,0
2020-07-26,9680.23,10023.81,9652.85,9905.17,20507998997,0,0
2020-07-29,10912.95,11304.4,10856.14,11100.47,24617249715,0,0
2020-07-30,11099.83,11169.36,10895.46,11111.21,22857247901,0,0
2020-07-31,11110.21,11415.86,10987.05,11323.47,23160469766,0,0
2020-08-01,11322.57,11794.78,11239.68,11759.59,26075670303,0,0
2020-08-02,11758.76,12034.14,11018.13,11053.61,27410067336,0,0
2020-08-03,11043.77,11453.08,11012.42,11246.35,20271713443,0,0
2020-08-04,11246.2,11385.38,11094.15,11205.89,21250197042,0,0
2020-08-05,11203.82,11786.62,11158.29,11747.02,24411254471,0,0
2020-08-06,11749.87,11902.34,11598.71,11779.77,23400740340,0,0
2020-08-07,11778.89,11898.04,11408.59,11601.47,23132312867,0,0
2020-08-08,11604.55,11800.06,11558.43,11754.05,17572057837,0,0
2020-08-09,11737.33,11806.06,11548.78,11675.74,17489608833,0,0
2020-08-10,11662.26,12045.14,11662.26,11878.11,26114112569,0,0
2020-08-11,11881.65,11932.71,11195.71,11410.53,27039782640,0,0
2020-08-12,11404.6,11748.4,11249.61,11584.93,25064548486,0,0
2020-08-13,11588.41,11796.4,11216.87,11784.14,27522199497,0,0
2020-08-14,11772.66,12150.99,11685.46,11768.87,24237958589,0,0
2020-08-15,11768.7,11963.2,11768.7,11865.7,23354924400,0,0
2020-08-16,11866.69,11934.9,11737.19,11892.8,20583375490,0,0
2020-08-17,11895.66,12359.06,11806.7,12254.4,28227687027,0,0
2020-08-18,12251.9,12335.71,11954.53,11991.23,26043227672,0,0
2020-08-19,11990.88,12028.92,11687.33,11758.28,24502851117,0,0
2020-08-20,11761.5,11900.41,11710.06,11878.37,20175242945,0,0
2020-08-21,11878.03,11899.26,11564.98,11592.49,23762425999,0,0
2020-08-22,11585.48,11689.41,11448.81,11681.83,20224191306,0,0
2020-08-23,11679.7,11713.43,11559.92,11664.85,18482062658,0,0
2020-08-24,11663.69,11807.63,11623.25,11774.6,20681511755,0,0
2020-08-25,11773.59,11778.3,11189.85,11366.13,26301509932,0,0
2020-08-26,11366.89,11530.05,11296.99,11488.36,22466660958,0,0
2020-08-28,11325.3,11545.62,11316.42,11542.5,19807127588,0,0
2020-08-29,11541.05,11585.64,11466.29,11506.87,17485597759,0,0
2020-08-30,11508.71,11715.26,11492.38,11711.51,19760127945,0,0
2020-09-01,11679.32,12067.08,11601.13,11970.48,27311555343,0,0
2020-09-02,11964.82,11964.82,11290.79,11414.03,28037405299,0,0
2020-09-03,11407.19,11443.02,10182.46,10245.3,31927261555,0,0
2020-09-04,10230.37,10663.92,10207.94,10511.81,29965130374,0,0
2020-09-05,10512.53,10581.57,9946.68,10169.57,44916565292,0,0
2020-09-06,10167.22,10353.93,10056.89,10280.35,37071460174,0,0
2020-09-07,10281.0,10399.15,9916.49,10369.56,33703098409,0,0
2020-09-08,10369.31,10414.78,9945.11,10131.52,33430927462,0,0
2020-09-09,10134.15,10350.54,10017.25,10242.35,24128292755,0,0
2020-09-10,10242.33,10503.91,10238.14,10363.14,54406443211,0,0
2020-09-11,10369.03,10434.92,10140.84,10400.92,45201121775,0,0
2020-09-12,10409.86,10578.84,10292.39,10442.17,36750077324,0,0
2020-09-13,10452.4,10577.21,10224.33,10323.76,36506852789,0,0
2020-09-14,10328.73,10800.01,10266.01,10680.84,35453581940,0,0
2020-09-16,10797.76,11100.12,10704.88,10974.91,30769986455,0,0
2020-09-17,10973.25,11037.42,10774.63,10948.99,38151810523,0,0
2020-09-18,10951.82,11034.91,10829.66,10944.59,26341903912,0,0
2020-09-19,10933.75,11134.09,10909.62,11094.35,22764204008,0,0
2020-09-21,10934.93,10988.3,10380.26,10462.26,28884999244,0,0
2020-09-22,10459.62,10568.08,10382.73,10538.46,23621787804,0,0
2020-09-23,10539.46,10637.85,10185.77,10225.86,22986733997,0,0
2020-09-24,10227.48,10765.79,10215.21,10745.55,23017536742,0,0
2020-09-25,10747.47,10757.55,10594.05,10702.29,21232549821,0,0
2020-09-26,10702.24,10778.5,10682.08,10754.44,18105012128,0,0
2020-09-28,10771.64,10949.12,10716.68,10721.33,22720365389,0,0
2020-09-29,10712.46,10858.94,10665.34,10848.83,20459870042,0,0
2020-09-30,10845.41,10856.53,10689.67,10787.62,20759622010,0,0
2020-10-01,10785.01,10915.84,10493.55,10623.33,27178227816,0,0
2020-10-02,10624.39,10662.81,10440.31,10585.16,23127839259,0,0
2020-10-03,10583.81,10614.09,10527.98,10565.49,17094010304,0,0
2020-10-04,10567.92,10700.79,10531.34,10684.43,17546792792,0,0
2020-10-05,10688.03,10804.0,10646.44,10804.0,19385191766,0,0
2020-10-06,10799.78,10803.46,10565.2,10621.66,22264958686,0,0
2020-10-07,10619.8,10687.27,10591.96,10679.14,17634388529,0,0
2020-10-08,10677.62,10939.8,10569.82,10923.63,21962121001,0,0
2020-10-11,11296.08,11428.81,11288.63,11384.18,19968627060,0,0
2020-10-14,11429.05,11539.98,11307.83,11429.51,24103426719,0,0
2020-10-15,11426.6,11569.91,11303.6,11495.35,24487233058,0,0
2020-10-16,11502.83,11540.06,11223.01,11322.12,25635480772,0,0
2020-10-17,11322.12,11386.26,11285.35,11358.1,19130430174,0,0
2020-10-18,11355.98,11483.36,11347.58,11483.36,18283314340,0,0
2020-10-19,11495.04,11799.09,11408.29,11742.04,23860769928,0,0
2020-10-20,11745.97,11999.92,11681.48,11916.33,30915821592,0,0
2020-10-21,11913.08,13184.57,11900.93,12823.69,43414712626,0,0
2020-10-22,12801.64,13161.59,12717.09,12965.89,34729759598,0,0
2020-10-23,12971.55,13015.96,12752.65,12931.54,28974975003,0,0
2020-10-25,13108.06,13329.18,12910.06,13031.17,24406920575,0,0
2020-10-26,13031.2,13225.3,12822.38,13075.25,29461458313,0,0
2020-10-27,13075.24,13759.67,13060.84,13654.22,33749878156,0,0
2020-10-28,13654.21,13837.7,12932.25,13271.29,35867318895,0,0
2020-10-29,13271.3,13612.05,12980.06,13437.88,56499499598,0,0
2020-10-30,13437.87,13651.52,13136.2,13546.52,30581485201,0,0
2020-10-31,13546.53,14028.21,13457.53,13781.0,30306464719,0,0
2020-11-01,13781.0,13862.03,13628.38,13737.11,24453857900,0,0
2020-11-02,13737.03,13808.32,13243.16,13550.49,30771455468,0,0
2020-11-03,13550.45,13984.98,13325.44,13950.3,29869951617,0,0
2020-11-05,14133.73,15706.4,14102.09,15579.85,40856321439,0,0
2020-11-06,15579.73,15903.44,15226.84,15565.88,39837841971,0,0
2020-11-07,15565.88,15737.1,14423.2,14833.75,35024953706,0,0
2020-11-08,14833.75,15637.32,14744.11,15479.57,26632075029,0,0
2020-11-09,15479.6,15785.14,14865.53,15332.32,34149115566,0,0
2020-11-10,15332.35,15450.33,15124.96,15290.9,25574938143,0,0
2020-11-11,15290.91,15916.26,15290.01,15701.34,29772374934,0,0
2020-11-12,15701.3,16305.0,15534.77,16276.34,34175758344,0,0
2020-11-13,16276.44,16463.18,15992.15,16317.81,31599492172,0,0
2020-11-14,16317.81,16317.81,15749.19,16068.14,27481710135,0,0
2020-11-15,16068.14,16123.11,15793.53,15955.59,23653867583,0,0
2020-11-16,15955.58,16816.18,15880.71,16716.11,31526766675,0,0
2020-11-17,16685.69,17782.92,16564.54,17645.41,39006849170,0,0
2020-11-18,17645.19,18393.95,17352.91,17804.01,49064800278,0,0
2020-11-19,17803.86,18119.55,17382.55,17817.09,36985055355,0,0
2020-11-22,18642.23,18688.97,17671.38,18370.0,41280434226,0,0
2020-11-23,18370.02,18711.43,18000.8,18364.12,42741112308,0,0
2020-11-24,18365.02,19348.27,18128.66,19107.46,51469565009,0,0
2020-11-25,19104.41,19390.96,18581.15,18732.12,43710357371,0,0
2020-11-26,18729.84,18866.29,16351.04,17150.62,61396835737,0,0
2020-11-27,17153.91,17445.02,16526.42,17108.4,38886494645,0,0
2020-11-28,17112.93,17853.94,16910.65,17717.41,32601040734,0,0
2020-11-29,17719.63,18283.63,17559.12,18177.48,31133957704,0,0
2020-12-01,19633.77,19845.97,18321.92,18803.0,49633658712,0,0
2020-12-02,18801.74,19308.33,18347.72,19201.09,37387697139,0,0
2020-12-03,19205.93,19566.19,18925.79,19445.4,31930317405,0,0
2020-12-04,19446.97,19511.4,18697.19,18699.77,33872388058,0,0
2020-12-05,18698.38,19160.45,18590.19,19154.23,27242455064,0,0
2020-12-06,19154.18,19390.5,18897.89,19345.12,25293775714,0,0
2020-12-07,19343.13,19411.83,18931.14,19191.63,26896357742,0,0
2020-12-08,19191.53,19283.48,18269.95,18321.14,31692288756,0,0
2020-12-09,18320.88,18626.29,17935.55,18553.92,34420373071,0,0
2020-12-10,18553.3,18553.3,17957.06,18264.99,25547132265,0,0
2020-12-12,18051.32,18919.55,18046.04,18803.66,21752580802,0,0
2020-12-13,18806.77,19381.54,18734.33,19142.38,25450468637,0,0
2020-12-14,19144.49,19305.1,19012.71,19246.64,22473997681,0,0
2020-12-15,19246.92,19525.01,19079.84,19417.08,26741982541,0,0
2020-12-16,19418.82,21458.91,19298.32,21310.6,44409011479,0,0
2020-12-17,21308.35,23642.66,21234.68,22805.16,71378606374,0,0
2020-12-18,22806.8,23238.6,22399.81,23137.96,40387896275,0,0
2020-12-19,23132.87,24085.86,22826.47,23869.83,38487546580,0,0
2020-12-20,23861.77,24209.66,23147.71,23477.29,37844228422,0,0
2020-12-21,23474.46,24059.98,22159.37,22803.08,45852713981,0,0
2020-12-22,22794.04,23789.9,22430.61,23783.03,44171632681,0,0
2020-12-23,23781.97,24024.49,22802.65,23241.35,51146161904,0,0
2020-12-24,23240.2,23768.34,22777.6,23735.95,41080759713,0,0
2020-12-25,23733.57,24710.1,23463.67,24664.79,42068395846,0,0
2020-12-27,26439.37,28288.84,25922.77,26272.29,66479895605,0,0
2020-12-28,26280.82,27389.11,26207.64,27084.81,49056742893,0,0
2020-12-29,27081.81,27370.72,25987.3,27362.44,45265946774,0,0
2020-12-30,27360.09,28937.74,27360.09,28840.95,51287442704,0,0
2020-12-31,28841.57,29244.88,28201.99,29001.72,46754964848,0,0
2021-01-01,28994.01,29600.63,28803.59,29374.15,40730301359,0,0
2021-01-02,29376.46,33155.12,29091.18,32127.27,67865420765,0,0
2021-01-03,32129.41,34608.56,32052.32,32782.02,78665235202,0,0
2021-01-04,32810.95,33440.22,28722.76,31971.91,81163475344,0,0
2021-01-05,31977.04,34437.59,30221.19,33992.43,67547324782,0,0
2021-01-06,34013.61,36879.7,33514.04,36824.36,75289433811,0,0
2021-01-07,36833.88,40180.37,36491.19,39371.04,84762141031,0,0
2021-01-08,39381.77,41946.74,36838.64,40797.61,88107519480,0,0
2021-01-09,40788.64,41436.35,38980.88,40254.55,61984162837,0,0
2021-01-10,40254.22,41420.19,35984.63,38356.44,79980747690,0,0
2021-01-11,38346.53,38346.53,30549.6,35566.66,123320567399,0,0
2021-01-12,35516.36,36568.53,32697.98,33922.96,74773277909,0,0
2021-01-13,33915.12,37599.96,32584.67,37316.36,69364315979,0,0
2021-01-14,37325.11,39966.41,36868.56,39187.33,63615990033,0,0
2021-01-16,36821.65,37864.37,35633.55,36178.14,57706187875,0,0
2021-01-17,36163.65,36722.35,34069.32,35791.28,52359854336,0,0
2021-01-18,35792.24,37299.29,34883.84,36630.07,49511702429,0,0
2021-01-19,36642.23,37755.89,36069.8,36069.8,57244195486,0,0
2021-01-20,36050.11,36378.33,33570.48,35547.75,66834573161,0,0
2021-01-21,35549.4,35552.68,30250.75,30825.7,75643067688,0,0
2021-01-22,30817.62,33811.85,28953.37,33005.76,77207272511,0,0
2021-01-23,32985.76,33360.98,31493.16,32067.64,48354737975,0,0
2021-01-24,32064.38,32944.01,31106.69,32289.38,48643830599,0,0
2021-01-25,32285.8,34802.74,32087.79,32366.39,59897054838,0,0
2021-01-26,32358.61,32794.55,31030.27,32569.85,60255421470,0,0
2021-01-27,32564.03,32564.03,29367.14,30432.55,62576762015,0,0
2021-01-28,30441.04,31891.3,30023.21,31649.61,78948162368,0,0
2021-01-30,34295.93,34834.71,32940.19,34269.52,65141828798,0,0
2021-01-31,34270.88,34288.33,32270.18,33114.36,52754542671,0,0
2021-02-01,33114.58,34638.21,32384.23,33537.18,61400400660,0,0
2021-02-02,33533.2,35896.88,33489.22,35510.29,63088585433,0,0
2021-02-03,35510.82,37480.19,35443.98,37472.09,61166818159,0,0
2021-02-04,37475.11,38592.18,36317.5,36926.07,68838074392,0,0
2021-02-05,36931.55,38225.91,36658.76,38144.31,58598066402,0,0
2021-02-06,38138.39,40846.55,38138.39,39266.01,71326033653,0,0
2021-02-07,39250.19,39621.84,37446.15,38903.44,65500641143,0,0
2021-02-08,38886.83,46203.93,38076.32,46196.46,101467222687,0,0
2021-02-09,46184.99,48003.72,45166.96,46481.11,91809846886,0,0
2021-02-10,46469.76,47145.57,43881.15,44918.18,87301089896,0,0
2021-02-12,47877.04,48745.73,46424.98,47504.85,76555041196,0,0
2021-02-14,47114.51,49487.64,47114.51,48717.29,71248675228,0,0
2021-02-15,48696.54,48875.57,46347.48,47945.06,77069903166,0,0
2021-02-16,47944.46,50341.1,47201.3,49199.87,77049582886,0,0
2021-02-17,49207.28,52533.91,49072.38,52149.01,80820545404,0,0
2021-02-18,52140.97,52474.11,51015.77,51679.8,52054723579,0,0
2021-02-19,51675.98,56113.65,50937.28,55888.13,63495496918,0,0
2021-02-20,55887.34,57505.23,54626.56,56099.52,68145460026,0,0
2021-02-21,56068.57,58330.57,55672.61,57539.95,51897585191,0,0
2021-02-22,57532.74,57533.39,48967.57,54207.32,92052420332,0,0
2021-02-23,54204.93,54204.93,45290.59,48824.43,106102492824,0,0
2021-02-24,48835.09,51290.14,47213.5,49705.33,63695521388,0,0
2021-02-25,49709.08,51948.97,47093.85,47093.85,54506565949,0,0
2021-02-26,47180.46,48370.79,44454.84,46339.76,350967941479,0,0
2021-02-27,46344.77,48253.27,45269.03,46188.45,45910946382,0,0
2021-02-28,46194.02,46716.43,43241.62,45137.77,53443887451,0,0
2021-03-01,45159.5,49784.02,45115.09,49631.24,53891300112,0,0
2021-03-02,49612.11,50127.51,47228.84,48378.99,47530897720,0,0
2021-03-04,50522.3,51735.09,47656.93,48561.17,52343816680,0,0
2021-03-05,48527.03,49396.43,46542.52,48927.3,48625928883,0,0
2021-03-06,48899.23,49147.22,47257.53,48912.38,34363564661,0,0
2021-03-07,48918.68,51384.37,48918.68,51206.69,43137459378,0,0
2021-03-08,51174.12,52314.07,49506.05,52246.52,48597428048,0,0
2021-03-09,52272.97,54824.12,51981.83,54824.12,50912227385,0,0
2021-03-10,54824.01,57258.25,53290.89,56008.55,57295577614,0,0
2021-03-11,55963.18,58091.06,54484.59,57805.12,56772343595,0,0
2021-03-12,57821.22,57996.62,55376.65,57332.09,55689944702,0,0
2021-03-13,57343.37,61683.86,56217.97,61243.09,60669829814,0,0
2021-03-14,61221.13,61597.92,59302.32,59302.32,43901225564,0,0
2021-03-15,59267.43,60540.99,55393.16,55907.2,66419369890,0,0
2021-03-17,56825.83,58969.82,54528.63,58870.89,60258313191,0,0
2021-03-18,58893.08,60116.25,54253.58,57858.92,55746041000,0,0
2021-03-19,57850.44,59498.38,56643.7,58346.65,49063873786,0,0
2021-03-20,58332.26,60031.29,58213.3,58313.64,50361731222,0,0
2021-03-21,58309.91,58767.9,56005.62,57523.42,51943414539,0,0
2021-03-22,57517.89,58471.48,54288.16,54529.14,56521454974,0,0
2021-03-23,54511.66,55985.44,53470.7,54738.95,56435023914,0,0
2021-03-24,54710.49,57262.38,52514.33,52774.27,70567223787,0,0
2021-03-25,52726.75,53392.39,50856.57,51704.16,67999812841,0,0
2021-03-26,51683.01,55137.31,51579.86,55137.31,56652197978,0,0
2021-03-27,55137.57,56568.21,54242.91,55973.51,47266542233,0,0
2021-03-28,55974.94,56610.31,55071.11,55950.75,47686580918,0,0
2021-03-29,55947.9,58342.1,55139.34,57750.2,57625587027,0,0
2021-03-30,57750.13,59447.22,57251.55,58917.69,54414116432,0,0
2021-03-31,58930.28,59930.03,57726.42,58918.83,65520826225,0,0
2021-04-01,58926.56,59586.07,58505.28,59095.81,61669163792,0,0
2021-04-02,59098.88,60267.19,58869.28,59384.31,58727860620,0,0
2021-04-03,59397.41,60110.27,57603.89,57603.89,59641344484,0,0
2021-04-04,57604.84,58913.75,57168.68,58758.55,50749662970,0,0
2021-04-05,58760.88,59891.3,57694.82,59057.88,60706272115,0,0
2021-04-06,59171.93,59479.58,57646.81,58192.36,66058027988,0,0
2021-04-07,58186.51,58731.14,55604.02,56048.94,75645303584,0,0
2021-04-08,56099.91,58338.74,55879.09,58323.95,53053855641,0,0
2021-04-09,58326.56,58937.05,57807.86,58245.0,46655208546,0,0
2021-04-10,58253.78,61276.66,58038.71,59793.23,58238470525,0,0
2021-04-11,59846.23,60790.55,59289.8,60204.96,46280252580,0,0
2021-04-12,60175.95,61253.04,59589.88,59893.45,51828688519,0,0
2021-04-13,59890.02,63742.29,59869.96,63503.46,69983454362,0,0
2021-04-14,63630.9,64863.1,63147.85,64416.01,71638450176,0,0
